timestamp,location,pred
2023-06-30 01:00:00,26001,145.02424275946947
2023-06-30 02:00:00,26001,145.02424275946947
2023-06-30 03:00:00,26001,145.02424275946947
2023-06-30 04:00:00,26001,145.02424275946947
2023-06-30 05:00:00,26001,145.02424275946947
2023-06-30 06:00:00,26001,145.02424275946947
2023-06-30 07:00:00,26001,145.02424275946947
2023-06-30 08:00:00,26001,145.02424275946947
2023-06-30 09:00:00,26001,145.02424275946947
2023-06-30 10:00:00,26001,145.02424275946947
2023-06-30 11:00:00,26001,145.02424275946947
2023-06-30 12:00:00,26001,145.02424275946947
2023-06-30 13:00:00,26001,145.02424275946947
2023-06-30 14:00:00,26001,145.02424275946947
2023-06-30 15:00:00,26001,145.02424275946947
2023-06-30 16:00:00,26001,145.02424275946947
2023-06-30 17:00:00,26001,145.02424275946947
2023-06-30 18:00:00,26001,145.02424275946947
2023-06-30 19:00:00,26001,145.02424275946947
2023-06-30 20:00:00,26001,145.02424275946947
2023-06-30 21:00:00,26001,145.02424275946947
2023-06-30 22:00:00,26001,145.02424275946947
2023-06-30 23:00:00,26001,145.02424275946947
2023-07-01 00:00:00,26001,145.02424275946947
2023-06-30 01:00:00,26003,2.854138685882785
2023-06-30 02:00:00,26003,2.854138685882785
2023-06-30 03:00:00,26003,2.854138685882785
2023-06-30 04:00:00,26003,2.854138685882785
2023-06-30 05:00:00,26003,2.854138685882785
2023-06-30 06:00:00,26003,2.854138685882785
2023-06-30 07:00:00,26003,2.854138685882785
2023-06-30 08:00:00,26003,2.854138685882785
2023-06-30 09:00:00,26003,2.854138685882785
2023-06-30 10:00:00,26003,2.854138685882785
2023-06-30 11:00:00,26003,2.854138685882785
2023-06-30 12:00:00,26003,2.854138685882785
2023-06-30 13:00:00,26003,2.854138685882785
2023-06-30 14:00:00,26003,2.854138685882785
2023-06-30 15:00:00,26003,2.854138685882785
2023-06-30 16:00:00,26003,2.854138685882785
2023-06-30 17:00:00,26003,2.854138685882785
2023-06-30 18:00:00,26003,2.854138685882785
2023-06-30 19:00:00,26003,2.854138685882785
2023-06-30 20:00:00,26003,2.854138685882785
2023-06-30 21:00:00,26003,2.854138685882785
2023-06-30 22:00:00,26003,2.854138685882785
2023-06-30 23:00:00,26003,2.854138685882785
2023-07-01 00:00:00,26003,2.854138685882785
2023-06-30 01:00:00,26005,1.9240490964538737
2023-06-30 02:00:00,26005,1.9240490964538737
2023-06-30 03:00:00,26005,1.9240490964538737
2023-06-30 04:00:00,26005,1.9240490964538737
2023-06-30 05:00:00,26005,1.9240490964538737
2023-06-30 06:00:00,26005,1.9240490964538737
2023-06-30 07:00:00,26005,1.9240490964538737
2023-06-30 08:00:00,26005,1.9240490964538737
2023-06-30 09:00:00,26005,1.9240490964538737
2023-06-30 10:00:00,26005,1.9240490964538737
2023-06-30 11:00:00,26005,1.9240490964538737
2023-06-30 12:00:00,26005,1.9240490964538737
2023-06-30 13:00:00,26005,1.9240490964538737
2023-06-30 14:00:00,26005,1.9240490964538737
2023-06-30 15:00:00,26005,1.9240490964538737
2023-06-30 16:00:00,26005,1.9240490964538737
2023-06-30 17:00:00,26005,1.9240490964538737
2023-06-30 18:00:00,26005,1.9240490964538737
2023-06-30 19:00:00,26005,1.9240490964538737
2023-06-30 20:00:00,26005,1.9240490964538737
2023-06-30 21:00:00,26005,1.9240490964538737
2023-06-30 22:00:00,26005,1.9240490964538737
2023-06-30 23:00:00,26005,1.9240490964538737
2023-07-01 00:00:00,26005,1.9240490964538737
2023-06-30 01:00:00,26007,6.339456411545642e-33
2023-06-30 02:00:00,26007,6.339456411545642e-33
2023-06-30 03:00:00,26007,6.339456411545642e-33
2023-06-30 04:00:00,26007,6.339456411545642e-33
2023-06-30 05:00:00,26007,6.339456411545642e-33
2023-06-30 06:00:00,26007,6.339456411545642e-33
2023-06-30 07:00:00,26007,6.339456411545642e-33
2023-06-30 08:00:00,26007,6.339456411545642e-33
2023-06-30 09:00:00,26007,6.339456411545642e-33
2023-06-30 10:00:00,26007,6.339456411545642e-33
2023-06-30 11:00:00,26007,6.339456411545642e-33
2023-06-30 12:00:00,26007,6.339456411545642e-33
2023-06-30 13:00:00,26007,6.339456411545642e-33
2023-06-30 14:00:00,26007,6.339456411545642e-33
2023-06-30 15:00:00,26007,6.339456411545642e-33
2023-06-30 16:00:00,26007,6.339456411545642e-33
2023-06-30 17:00:00,26007,6.339456411545642e-33
2023-06-30 18:00:00,26007,6.339456411545642e-33
2023-06-30 19:00:00,26007,6.339456411545642e-33
2023-06-30 20:00:00,26007,6.339456411545642e-33
2023-06-30 21:00:00,26007,6.339456411545642e-33
2023-06-30 22:00:00,26007,6.339456411545642e-33
2023-06-30 23:00:00,26007,6.339456411545642e-33
2023-07-01 00:00:00,26007,6.339456411545642e-33
2023-06-30 01:00:00,26009,2.9966620970780005
2023-06-30 02:00:00,26009,2.9966620970780005
2023-06-30 03:00:00,26009,2.9966620970780005
2023-06-30 04:00:00,26009,2.9966620970780005
2023-06-30 05:00:00,26009,2.9966620970780005
2023-06-30 06:00:00,26009,2.9966620970780005
2023-06-30 07:00:00,26009,2.9966620970780005
2023-06-30 08:00:00,26009,2.9966620970780005
2023-06-30 09:00:00,26009,2.9966620970780005
2023-06-30 10:00:00,26009,2.9966620970780005
2023-06-30 11:00:00,26009,2.9966620970780005
2023-06-30 12:00:00,26009,2.9966620970780005
2023-06-30 13:00:00,26009,2.9966620970780005
2023-06-30 14:00:00,26009,2.9966620970780005
2023-06-30 15:00:00,26009,2.9966620970780005
2023-06-30 16:00:00,26009,2.9966620970780005
2023-06-30 17:00:00,26009,2.9966620970780005
2023-06-30 18:00:00,26009,2.9966620970780005
2023-06-30 19:00:00,26009,2.9966620970780005
2023-06-30 20:00:00,26009,2.9966620970780005
2023-06-30 21:00:00,26009,2.9966620970780005
2023-06-30 22:00:00,26009,2.9966620970780005
2023-06-30 23:00:00,26009,2.9966620970780005
2023-07-01 00:00:00,26009,2.9966620970780005
2023-06-30 01:00:00,26011,23.2580527338626
2023-06-30 02:00:00,26011,23.2580527338626
2023-06-30 03:00:00,26011,23.2580527338626
2023-06-30 04:00:00,26011,23.2580527338626
2023-06-30 05:00:00,26011,23.2580527338626
2023-06-30 06:00:00,26011,23.2580527338626
2023-06-30 07:00:00,26011,23.2580527338626
2023-06-30 08:00:00,26011,23.2580527338626
2023-06-30 09:00:00,26011,23.2580527338626
2023-06-30 10:00:00,26011,23.2580527338626
2023-06-30 11:00:00,26011,23.2580527338626
2023-06-30 12:00:00,26011,23.2580527338626
2023-06-30 13:00:00,26011,23.2580527338626
2023-06-30 14:00:00,26011,23.2580527338626
2023-06-30 15:00:00,26011,23.2580527338626
2023-06-30 16:00:00,26011,23.2580527338626
2023-06-30 17:00:00,26011,23.2580527338626
2023-06-30 18:00:00,26011,23.2580527338626
2023-06-30 19:00:00,26011,23.2580527338626
2023-06-30 20:00:00,26011,23.2580527338626
2023-06-30 21:00:00,26011,23.2580527338626
2023-06-30 22:00:00,26011,23.2580527338626
2023-06-30 23:00:00,26011,23.2580527338626
2023-07-01 00:00:00,26011,23.2580527338626
2023-06-30 01:00:00,26013,1.1992638848980814
2023-06-30 02:00:00,26013,1.1992638848980814
2023-06-30 03:00:00,26013,1.1992638848980814
2023-06-30 04:00:00,26013,1.1992638848980814
2023-06-30 05:00:00,26013,1.1992638848980814
2023-06-30 06:00:00,26013,1.1992638848980814
2023-06-30 07:00:00,26013,1.1992638848980814
2023-06-30 08:00:00,26013,1.1992638848980814
2023-06-30 09:00:00,26013,1.1992638848980814
2023-06-30 10:00:00,26013,1.1992638848980814
2023-06-30 11:00:00,26013,1.1992638848980814
2023-06-30 12:00:00,26013,1.1992638848980814
2023-06-30 13:00:00,26013,1.1992638848980814
2023-06-30 14:00:00,26013,1.1992638848980814
2023-06-30 15:00:00,26013,1.1992638848980814
2023-06-30 16:00:00,26013,1.1992638848980814
2023-06-30 17:00:00,26013,1.1992638848980814
2023-06-30 18:00:00,26013,1.1992638848980814
2023-06-30 19:00:00,26013,1.1992638848980814
2023-06-30 20:00:00,26013,1.1992638848980814
2023-06-30 21:00:00,26013,1.1992638848980814
2023-06-30 22:00:00,26013,1.1992638848980814
2023-06-30 23:00:00,26013,1.1992638848980814
2023-07-01 00:00:00,26013,1.1992638848980814
2023-06-30 01:00:00,26015,33.22009026439061
2023-06-30 02:00:00,26015,33.22009026439061
2023-06-30 03:00:00,26015,33.22009026439061
2023-06-30 04:00:00,26015,33.22009026439061
2023-06-30 05:00:00,26015,33.22009026439061
2023-06-30 06:00:00,26015,33.22009026439061
2023-06-30 07:00:00,26015,33.22009026439061
2023-06-30 08:00:00,26015,33.22009026439061
2023-06-30 09:00:00,26015,33.22009026439061
2023-06-30 10:00:00,26015,33.22009026439061
2023-06-30 11:00:00,26015,33.22009026439061
2023-06-30 12:00:00,26015,33.22009026439061
2023-06-30 13:00:00,26015,33.22009026439061
2023-06-30 14:00:00,26015,33.22009026439061
2023-06-30 15:00:00,26015,33.22009026439061
2023-06-30 16:00:00,26015,33.22009026439061
2023-06-30 17:00:00,26015,33.22009026439061
2023-06-30 18:00:00,26015,33.22009026439061
2023-06-30 19:00:00,26015,33.22009026439061
2023-06-30 20:00:00,26015,33.22009026439061
2023-06-30 21:00:00,26015,33.22009026439061
2023-06-30 22:00:00,26015,33.22009026439061
2023-06-30 23:00:00,26015,33.22009026439061
2023-07-01 00:00:00,26015,33.22009026439061
2023-06-30 01:00:00,26017,6.970222106361526
2023-06-30 02:00:00,26017,6.970222106361526
2023-06-30 03:00:00,26017,6.970222106361526
2023-06-30 04:00:00,26017,6.970222106361526
2023-06-30 05:00:00,26017,6.970222106361526
2023-06-30 06:00:00,26017,6.970222106361526
2023-06-30 07:00:00,26017,6.970222106361526
2023-06-30 08:00:00,26017,6.970222106361526
2023-06-30 09:00:00,26017,6.970222106361526
2023-06-30 10:00:00,26017,6.970222106361526
2023-06-30 11:00:00,26017,6.970222106361526
2023-06-30 12:00:00,26017,6.970222106361526
2023-06-30 13:00:00,26017,6.970222106361526
2023-06-30 14:00:00,26017,6.970222106361526
2023-06-30 15:00:00,26017,6.970222106361526
2023-06-30 16:00:00,26017,6.970222106361526
2023-06-30 17:00:00,26017,6.970222106361526
2023-06-30 18:00:00,26017,6.970222106361526
2023-06-30 19:00:00,26017,6.970222106361526
2023-06-30 20:00:00,26017,6.970222106361526
2023-06-30 21:00:00,26017,6.970222106361526
2023-06-30 22:00:00,26017,6.970222106361526
2023-06-30 23:00:00,26017,6.970222106361526
2023-07-01 00:00:00,26017,6.970222106361526
2023-06-30 01:00:00,26019,83.87824813259289
2023-06-30 02:00:00,26019,83.87824813259289
2023-06-30 03:00:00,26019,83.87824813259289
2023-06-30 04:00:00,26019,83.87824813259289
2023-06-30 05:00:00,26019,83.87824813259289
2023-06-30 06:00:00,26019,83.87824813259289
2023-06-30 07:00:00,26019,83.87824813259289
2023-06-30 08:00:00,26019,83.87824813259289
2023-06-30 09:00:00,26019,83.87824813259289
2023-06-30 10:00:00,26019,83.87824813259289
2023-06-30 11:00:00,26019,83.87824813259289
2023-06-30 12:00:00,26019,83.87824813259289
2023-06-30 13:00:00,26019,83.87824813259289
2023-06-30 14:00:00,26019,83.87824813259289
2023-06-30 15:00:00,26019,83.87824813259289
2023-06-30 16:00:00,26019,83.87824813259289
2023-06-30 17:00:00,26019,83.87824813259289
2023-06-30 18:00:00,26019,83.87824813259289
2023-06-30 19:00:00,26019,83.87824813259289
2023-06-30 20:00:00,26019,83.87824813259289
2023-06-30 21:00:00,26019,83.87824813259289
2023-06-30 22:00:00,26019,83.87824813259289
2023-06-30 23:00:00,26019,83.87824813259289
2023-07-01 00:00:00,26019,83.87824813259289
2023-06-30 01:00:00,26021,118.49638336451206
2023-06-30 02:00:00,26021,118.49638336451206
2023-06-30 03:00:00,26021,118.49638336451206
2023-06-30 04:00:00,26021,118.49638336451206
2023-06-30 05:00:00,26021,118.49638336451206
2023-06-30 06:00:00,26021,118.49638336451206
2023-06-30 07:00:00,26021,118.49638336451206
2023-06-30 08:00:00,26021,118.49638336451206
2023-06-30 09:00:00,26021,118.49638336451206
2023-06-30 10:00:00,26021,118.49638336451206
2023-06-30 11:00:00,26021,118.49638336451206
2023-06-30 12:00:00,26021,118.49638336451206
2023-06-30 13:00:00,26021,118.49638336451206
2023-06-30 14:00:00,26021,118.49638336451206
2023-06-30 15:00:00,26021,118.49638336451206
2023-06-30 16:00:00,26021,118.49638336451206
2023-06-30 17:00:00,26021,118.49638336451206
2023-06-30 18:00:00,26021,118.49638336451206
2023-06-30 19:00:00,26021,118.49638336451206
2023-06-30 20:00:00,26021,118.49638336451206
2023-06-30 21:00:00,26021,118.49638336451206
2023-06-30 22:00:00,26021,118.49638336451206
2023-06-30 23:00:00,26021,118.49638336451206
2023-07-01 00:00:00,26021,118.49638336451206
2023-06-30 01:00:00,26023,0.7876706080685748
2023-06-30 02:00:00,26023,0.7876706080685748
2023-06-30 03:00:00,26023,0.7876706080685748
2023-06-30 04:00:00,26023,0.7876706080685748
2023-06-30 05:00:00,26023,0.7876706080685748
2023-06-30 06:00:00,26023,0.7876706080685748
2023-06-30 07:00:00,26023,0.7876706080685748
2023-06-30 08:00:00,26023,0.7876706080685748
2023-06-30 09:00:00,26023,0.7876706080685748
2023-06-30 10:00:00,26023,0.7876706080685748
2023-06-30 11:00:00,26023,0.7876706080685748
2023-06-30 12:00:00,26023,0.7876706080685748
2023-06-30 13:00:00,26023,0.7876706080685748
2023-06-30 14:00:00,26023,0.7876706080685748
2023-06-30 15:00:00,26023,0.7876706080685748
2023-06-30 16:00:00,26023,0.7876706080685748
2023-06-30 17:00:00,26023,0.7876706080685748
2023-06-30 18:00:00,26023,0.7876706080685748
2023-06-30 19:00:00,26023,0.7876706080685748
2023-06-30 20:00:00,26023,0.7876706080685748
2023-06-30 21:00:00,26023,0.7876706080685748
2023-06-30 22:00:00,26023,0.7876706080685748
2023-06-30 23:00:00,26023,0.7876706080685748
2023-07-01 00:00:00,26023,0.7876706080685748
2023-06-30 01:00:00,26025,3.9243225369314656
2023-06-30 02:00:00,26025,3.9243225369314656
2023-06-30 03:00:00,26025,3.9243225369314656
2023-06-30 04:00:00,26025,3.9243225369314656
2023-06-30 05:00:00,26025,3.9243225369314656
2023-06-30 06:00:00,26025,3.9243225369314656
2023-06-30 07:00:00,26025,3.9243225369314656
2023-06-30 08:00:00,26025,3.9243225369314656
2023-06-30 09:00:00,26025,3.9243225369314656
2023-06-30 10:00:00,26025,3.9243225369314656
2023-06-30 11:00:00,26025,3.9243225369314656
2023-06-30 12:00:00,26025,3.9243225369314656
2023-06-30 13:00:00,26025,3.9243225369314656
2023-06-30 14:00:00,26025,3.9243225369314656
2023-06-30 15:00:00,26025,3.9243225369314656
2023-06-30 16:00:00,26025,3.9243225369314656
2023-06-30 17:00:00,26025,3.9243225369314656
2023-06-30 18:00:00,26025,3.9243225369314656
2023-06-30 19:00:00,26025,3.9243225369314656
2023-06-30 20:00:00,26025,3.9243225369314656
2023-06-30 21:00:00,26025,3.9243225369314656
2023-06-30 22:00:00,26025,3.9243225369314656
2023-06-30 23:00:00,26025,3.9243225369314656
2023-07-01 00:00:00,26025,3.9243225369314656
2023-06-30 01:00:00,26027,12.89677360139372
2023-06-30 02:00:00,26027,12.89677360139372
2023-06-30 03:00:00,26027,12.89677360139372
2023-06-30 04:00:00,26027,12.89677360139372
2023-06-30 05:00:00,26027,12.89677360139372
2023-06-30 06:00:00,26027,12.89677360139372
2023-06-30 07:00:00,26027,12.89677360139372
2023-06-30 08:00:00,26027,12.89677360139372
2023-06-30 09:00:00,26027,12.89677360139372
2023-06-30 10:00:00,26027,12.89677360139372
2023-06-30 11:00:00,26027,12.89677360139372
2023-06-30 12:00:00,26027,12.89677360139372
2023-06-30 13:00:00,26027,12.89677360139372
2023-06-30 14:00:00,26027,12.89677360139372
2023-06-30 15:00:00,26027,12.89677360139372
2023-06-30 16:00:00,26027,12.89677360139372
2023-06-30 17:00:00,26027,12.89677360139372
2023-06-30 18:00:00,26027,12.89677360139372
2023-06-30 19:00:00,26027,12.89677360139372
2023-06-30 20:00:00,26027,12.89677360139372
2023-06-30 21:00:00,26027,12.89677360139372
2023-06-30 22:00:00,26027,12.89677360139372
2023-06-30 23:00:00,26027,12.89677360139372
2023-07-01 00:00:00,26027,12.89677360139372
2023-06-30 01:00:00,26029,0.3692981339846225
2023-06-30 02:00:00,26029,0.3692981339846225
2023-06-30 03:00:00,26029,0.3692981339846225
2023-06-30 04:00:00,26029,0.3692981339846225
2023-06-30 05:00:00,26029,0.3692981339846225
2023-06-30 06:00:00,26029,0.3692981339846225
2023-06-30 07:00:00,26029,0.3692981339846225
2023-06-30 08:00:00,26029,0.3692981339846225
2023-06-30 09:00:00,26029,0.3692981339846225
2023-06-30 10:00:00,26029,0.3692981339846225
2023-06-30 11:00:00,26029,0.3692981339846225
2023-06-30 12:00:00,26029,0.3692981339846225
2023-06-30 13:00:00,26029,0.3692981339846225
2023-06-30 14:00:00,26029,0.3692981339846225
2023-06-30 15:00:00,26029,0.3692981339846225
2023-06-30 16:00:00,26029,0.3692981339846225
2023-06-30 17:00:00,26029,0.3692981339846225
2023-06-30 18:00:00,26029,0.3692981339846225
2023-06-30 19:00:00,26029,0.3692981339846225
2023-06-30 20:00:00,26029,0.3692981339846225
2023-06-30 21:00:00,26029,0.3692981339846225
2023-06-30 22:00:00,26029,0.3692981339846225
2023-06-30 23:00:00,26029,0.3692981339846225
2023-07-01 00:00:00,26029,0.3692981339846225
2023-06-30 01:00:00,26031,0.13367410946400393
2023-06-30 02:00:00,26031,0.13367410946400393
2023-06-30 03:00:00,26031,0.13367410946400393
2023-06-30 04:00:00,26031,0.13367410946400393
2023-06-30 05:00:00,26031,0.13367410946400393
2023-06-30 06:00:00,26031,0.13367410946400393
2023-06-30 07:00:00,26031,0.13367410946400393
2023-06-30 08:00:00,26031,0.13367410946400393
2023-06-30 09:00:00,26031,0.13367410946400393
2023-06-30 10:00:00,26031,0.13367410946400393
2023-06-30 11:00:00,26031,0.13367410946400393
2023-06-30 12:00:00,26031,0.13367410946400393
2023-06-30 13:00:00,26031,0.13367410946400393
2023-06-30 14:00:00,26031,0.13367410946400393
2023-06-30 15:00:00,26031,0.13367410946400393
2023-06-30 16:00:00,26031,0.13367410946400393
2023-06-30 17:00:00,26031,0.13367410946400393
2023-06-30 18:00:00,26031,0.13367410946400393
2023-06-30 19:00:00,26031,0.13367410946400393
2023-06-30 20:00:00,26031,0.13367410946400393
2023-06-30 21:00:00,26031,0.13367410946400393
2023-06-30 22:00:00,26031,0.13367410946400393
2023-06-30 23:00:00,26031,0.13367410946400393
2023-07-01 00:00:00,26031,0.13367410946400393
2023-06-30 01:00:00,26033,0.5793494907845331
2023-06-30 02:00:00,26033,0.5793494907845331
2023-06-30 03:00:00,26033,0.5793494907845331
2023-06-30 04:00:00,26033,0.5793494907845331
2023-06-30 05:00:00,26033,0.5793494907845331
2023-06-30 06:00:00,26033,0.5793494907845331
2023-06-30 07:00:00,26033,0.5793494907845331
2023-06-30 08:00:00,26033,0.5793494907845331
2023-06-30 09:00:00,26033,0.5793494907845331
2023-06-30 10:00:00,26033,0.5793494907845331
2023-06-30 11:00:00,26033,0.5793494907845331
2023-06-30 12:00:00,26033,0.5793494907845331
2023-06-30 13:00:00,26033,0.5793494907845331
2023-06-30 14:00:00,26033,0.5793494907845331
2023-06-30 15:00:00,26033,0.5793494907845331
2023-06-30 16:00:00,26033,0.5793494907845331
2023-06-30 17:00:00,26033,0.5793494907845331
2023-06-30 18:00:00,26033,0.5793494907845331
2023-06-30 19:00:00,26033,0.5793494907845331
2023-06-30 20:00:00,26033,0.5793494907845331
2023-06-30 21:00:00,26033,0.5793494907845331
2023-06-30 22:00:00,26033,0.5793494907845331
2023-06-30 23:00:00,26033,0.5793494907845331
2023-07-01 00:00:00,26033,0.5793494907845331
2023-06-30 01:00:00,26035,100.6307063909102
2023-06-30 02:00:00,26035,100.6307063909102
2023-06-30 03:00:00,26035,100.6307063909102
2023-06-30 04:00:00,26035,100.6307063909102
2023-06-30 05:00:00,26035,100.6307063909102
2023-06-30 06:00:00,26035,100.6307063909102
2023-06-30 07:00:00,26035,100.6307063909102
2023-06-30 08:00:00,26035,100.6307063909102
2023-06-30 09:00:00,26035,100.6307063909102
2023-06-30 10:00:00,26035,100.6307063909102
2023-06-30 11:00:00,26035,100.6307063909102
2023-06-30 12:00:00,26035,100.6307063909102
2023-06-30 13:00:00,26035,100.6307063909102
2023-06-30 14:00:00,26035,100.6307063909102
2023-06-30 15:00:00,26035,100.6307063909102
2023-06-30 16:00:00,26035,100.6307063909102
2023-06-30 17:00:00,26035,100.6307063909102
2023-06-30 18:00:00,26035,100.6307063909102
2023-06-30 19:00:00,26035,100.6307063909102
2023-06-30 20:00:00,26035,100.6307063909102
2023-06-30 21:00:00,26035,100.6307063909102
2023-06-30 22:00:00,26035,100.6307063909102
2023-06-30 23:00:00,26035,100.6307063909102
2023-07-01 00:00:00,26035,100.6307063909102
2023-06-30 01:00:00,26037,15.263951129033433
2023-06-30 02:00:00,26037,15.263951129033433
2023-06-30 03:00:00,26037,15.263951129033433
2023-06-30 04:00:00,26037,15.263951129033433
2023-06-30 05:00:00,26037,15.263951129033433
2023-06-30 06:00:00,26037,15.263951129033433
2023-06-30 07:00:00,26037,15.263951129033433
2023-06-30 08:00:00,26037,15.263951129033433
2023-06-30 09:00:00,26037,15.263951129033433
2023-06-30 10:00:00,26037,15.263951129033433
2023-06-30 11:00:00,26037,15.263951129033433
2023-06-30 12:00:00,26037,15.263951129033433
2023-06-30 13:00:00,26037,15.263951129033433
2023-06-30 14:00:00,26037,15.263951129033433
2023-06-30 15:00:00,26037,15.263951129033433
2023-06-30 16:00:00,26037,15.263951129033433
2023-06-30 17:00:00,26037,15.263951129033433
2023-06-30 18:00:00,26037,15.263951129033433
2023-06-30 19:00:00,26037,15.263951129033433
2023-06-30 20:00:00,26037,15.263951129033433
2023-06-30 21:00:00,26037,15.263951129033433
2023-06-30 22:00:00,26037,15.263951129033433
2023-06-30 23:00:00,26037,15.263951129033433
2023-07-01 00:00:00,26037,15.263951129033433
2023-06-30 01:00:00,26039,0.4823841929706526
2023-06-30 02:00:00,26039,0.4823841929706526
2023-06-30 03:00:00,26039,0.4823841929706526
2023-06-30 04:00:00,26039,0.4823841929706526
2023-06-30 05:00:00,26039,0.4823841929706526
2023-06-30 06:00:00,26039,0.4823841929706526
2023-06-30 07:00:00,26039,0.4823841929706526
2023-06-30 08:00:00,26039,0.4823841929706526
2023-06-30 09:00:00,26039,0.4823841929706526
2023-06-30 10:00:00,26039,0.4823841929706526
2023-06-30 11:00:00,26039,0.4823841929706526
2023-06-30 12:00:00,26039,0.4823841929706526
2023-06-30 13:00:00,26039,0.4823841929706526
2023-06-30 14:00:00,26039,0.4823841929706526
2023-06-30 15:00:00,26039,0.4823841929706526
2023-06-30 16:00:00,26039,0.4823841929706526
2023-06-30 17:00:00,26039,0.4823841929706526
2023-06-30 18:00:00,26039,0.4823841929706526
2023-06-30 19:00:00,26039,0.4823841929706526
2023-06-30 20:00:00,26039,0.4823841929706526
2023-06-30 21:00:00,26039,0.4823841929706526
2023-06-30 22:00:00,26039,0.4823841929706526
2023-06-30 23:00:00,26039,0.4823841929706526
2023-07-01 00:00:00,26039,0.4823841929706526
2023-06-30 01:00:00,26041,1.4111021515514648
2023-06-30 02:00:00,26041,1.4111021515514648
2023-06-30 03:00:00,26041,1.4111021515514648
2023-06-30 04:00:00,26041,1.4111021515514648
2023-06-30 05:00:00,26041,1.4111021515514648
2023-06-30 06:00:00,26041,1.4111021515514648
2023-06-30 07:00:00,26041,1.4111021515514648
2023-06-30 08:00:00,26041,1.4111021515514648
2023-06-30 09:00:00,26041,1.4111021515514648
2023-06-30 10:00:00,26041,1.4111021515514648
2023-06-30 11:00:00,26041,1.4111021515514648
2023-06-30 12:00:00,26041,1.4111021515514648
2023-06-30 13:00:00,26041,1.4111021515514648
2023-06-30 14:00:00,26041,1.4111021515514648
2023-06-30 15:00:00,26041,1.4111021515514648
2023-06-30 16:00:00,26041,1.4111021515514648
2023-06-30 17:00:00,26041,1.4111021515514648
2023-06-30 18:00:00,26041,1.4111021515514648
2023-06-30 19:00:00,26041,1.4111021515514648
2023-06-30 20:00:00,26041,1.4111021515514648
2023-06-30 21:00:00,26041,1.4111021515514648
2023-06-30 22:00:00,26041,1.4111021515514648
2023-06-30 23:00:00,26041,1.4111021515514648
2023-07-01 00:00:00,26041,1.4111021515514648
2023-06-30 01:00:00,26043,3.780689506700903
2023-06-30 02:00:00,26043,3.780689506700903
2023-06-30 03:00:00,26043,3.780689506700903
2023-06-30 04:00:00,26043,3.780689506700903
2023-06-30 05:00:00,26043,3.780689506700903
2023-06-30 06:00:00,26043,3.780689506700903
2023-06-30 07:00:00,26043,3.780689506700903
2023-06-30 08:00:00,26043,3.780689506700903
2023-06-30 09:00:00,26043,3.780689506700903
2023-06-30 10:00:00,26043,3.780689506700903
2023-06-30 11:00:00,26043,3.780689506700903
2023-06-30 12:00:00,26043,3.780689506700903
2023-06-30 13:00:00,26043,3.780689506700903
2023-06-30 14:00:00,26043,3.780689506700903
2023-06-30 15:00:00,26043,3.780689506700903
2023-06-30 16:00:00,26043,3.780689506700903
2023-06-30 17:00:00,26043,3.780689506700903
2023-06-30 18:00:00,26043,3.780689506700903
2023-06-30 19:00:00,26043,3.780689506700903
2023-06-30 20:00:00,26043,3.780689506700903
2023-06-30 21:00:00,26043,3.780689506700903
2023-06-30 22:00:00,26043,3.780689506700903
2023-06-30 23:00:00,26043,3.780689506700903
2023-07-01 00:00:00,26043,3.780689506700903
2023-06-30 01:00:00,26045,2.8084961240667683
2023-06-30 02:00:00,26045,2.8084961240667683
2023-06-30 03:00:00,26045,2.8084961240667683
2023-06-30 04:00:00,26045,2.8084961240667683
2023-06-30 05:00:00,26045,2.8084961240667683
2023-06-30 06:00:00,26045,2.8084961240667683
2023-06-30 07:00:00,26045,2.8084961240667683
2023-06-30 08:00:00,26045,2.8084961240667683
2023-06-30 09:00:00,26045,2.8084961240667683
2023-06-30 10:00:00,26045,2.8084961240667683
2023-06-30 11:00:00,26045,2.8084961240667683
2023-06-30 12:00:00,26045,2.8084961240667683
2023-06-30 13:00:00,26045,2.8084961240667683
2023-06-30 14:00:00,26045,2.8084961240667683
2023-06-30 15:00:00,26045,2.8084961240667683
2023-06-30 16:00:00,26045,2.8084961240667683
2023-06-30 17:00:00,26045,2.8084961240667683
2023-06-30 18:00:00,26045,2.8084961240667683
2023-06-30 19:00:00,26045,2.8084961240667683
2023-06-30 20:00:00,26045,2.8084961240667683
2023-06-30 21:00:00,26045,2.8084961240667683
2023-06-30 22:00:00,26045,2.8084961240667683
2023-06-30 23:00:00,26045,2.8084961240667683
2023-07-01 00:00:00,26045,2.8084961240667683
2023-06-30 01:00:00,26047,0.13777685786762983
2023-06-30 02:00:00,26047,0.13777685786762983
2023-06-30 03:00:00,26047,0.13777685786762983
2023-06-30 04:00:00,26047,0.13777685786762983
2023-06-30 05:00:00,26047,0.13777685786762983
2023-06-30 06:00:00,26047,0.13777685786762983
2023-06-30 07:00:00,26047,0.13777685786762983
2023-06-30 08:00:00,26047,0.13777685786762983
2023-06-30 09:00:00,26047,0.13777685786762983
2023-06-30 10:00:00,26047,0.13777685786762983
2023-06-30 11:00:00,26047,0.13777685786762983
2023-06-30 12:00:00,26047,0.13777685786762983
2023-06-30 13:00:00,26047,0.13777685786762983
2023-06-30 14:00:00,26047,0.13777685786762983
2023-06-30 15:00:00,26047,0.13777685786762983
2023-06-30 16:00:00,26047,0.13777685786762983
2023-06-30 17:00:00,26047,0.13777685786762983
2023-06-30 18:00:00,26047,0.13777685786762983
2023-06-30 19:00:00,26047,0.13777685786762983
2023-06-30 20:00:00,26047,0.13777685786762983
2023-06-30 21:00:00,26047,0.13777685786762983
2023-06-30 22:00:00,26047,0.13777685786762983
2023-06-30 23:00:00,26047,0.13777685786762983
2023-07-01 00:00:00,26047,0.13777685786762983
2023-06-30 01:00:00,26049,61.54457940741921
2023-06-30 02:00:00,26049,61.54457940741921
2023-06-30 03:00:00,26049,61.54457940741921
2023-06-30 04:00:00,26049,61.54457940741921
2023-06-30 05:00:00,26049,61.54457940741921
2023-06-30 06:00:00,26049,61.54457940741921
2023-06-30 07:00:00,26049,61.54457940741921
2023-06-30 08:00:00,26049,61.54457940741921
2023-06-30 09:00:00,26049,61.54457940741921
2023-06-30 10:00:00,26049,61.54457940741921
2023-06-30 11:00:00,26049,61.54457940741921
2023-06-30 12:00:00,26049,61.54457940741921
2023-06-30 13:00:00,26049,61.54457940741921
2023-06-30 14:00:00,26049,61.54457940741921
2023-06-30 15:00:00,26049,61.54457940741921
2023-06-30 16:00:00,26049,61.54457940741921
2023-06-30 17:00:00,26049,61.54457940741921
2023-06-30 18:00:00,26049,61.54457940741921
2023-06-30 19:00:00,26049,61.54457940741921
2023-06-30 20:00:00,26049,61.54457940741921
2023-06-30 21:00:00,26049,61.54457940741921
2023-06-30 22:00:00,26049,61.54457940741921
2023-06-30 23:00:00,26049,61.54457940741921
2023-07-01 00:00:00,26049,61.54457940741921
2023-06-30 01:00:00,26051,4.516086753737624
2023-06-30 02:00:00,26051,4.516086753737624
2023-06-30 03:00:00,26051,4.516086753737624
2023-06-30 04:00:00,26051,4.516086753737624
2023-06-30 05:00:00,26051,4.516086753737624
2023-06-30 06:00:00,26051,4.516086753737624
2023-06-30 07:00:00,26051,4.516086753737624
2023-06-30 08:00:00,26051,4.516086753737624
2023-06-30 09:00:00,26051,4.516086753737624
2023-06-30 10:00:00,26051,4.516086753737624
2023-06-30 11:00:00,26051,4.516086753737624
2023-06-30 12:00:00,26051,4.516086753737624
2023-06-30 13:00:00,26051,4.516086753737624
2023-06-30 14:00:00,26051,4.516086753737624
2023-06-30 15:00:00,26051,4.516086753737624
2023-06-30 16:00:00,26051,4.516086753737624
2023-06-30 17:00:00,26051,4.516086753737624
2023-06-30 18:00:00,26051,4.516086753737624
2023-06-30 19:00:00,26051,4.516086753737624
2023-06-30 20:00:00,26051,4.516086753737624
2023-06-30 21:00:00,26051,4.516086753737624
2023-06-30 22:00:00,26051,4.516086753737624
2023-06-30 23:00:00,26051,4.516086753737624
2023-07-01 00:00:00,26051,4.516086753737624
2023-06-30 01:00:00,26053,1.2321441706273544
2023-06-30 02:00:00,26053,1.2321441706273544
2023-06-30 03:00:00,26053,1.2321441706273544
2023-06-30 04:00:00,26053,1.2321441706273544
2023-06-30 05:00:00,26053,1.2321441706273544
2023-06-30 06:00:00,26053,1.2321441706273544
2023-06-30 07:00:00,26053,1.2321441706273544
2023-06-30 08:00:00,26053,1.2321441706273544
2023-06-30 09:00:00,26053,1.2321441706273544
2023-06-30 10:00:00,26053,1.2321441706273544
2023-06-30 11:00:00,26053,1.2321441706273544
2023-06-30 12:00:00,26053,1.2321441706273544
2023-06-30 13:00:00,26053,1.2321441706273544
2023-06-30 14:00:00,26053,1.2321441706273544
2023-06-30 15:00:00,26053,1.2321441706273544
2023-06-30 16:00:00,26053,1.2321441706273544
2023-06-30 17:00:00,26053,1.2321441706273544
2023-06-30 18:00:00,26053,1.2321441706273544
2023-06-30 19:00:00,26053,1.2321441706273544
2023-06-30 20:00:00,26053,1.2321441706273544
2023-06-30 21:00:00,26053,1.2321441706273544
2023-06-30 22:00:00,26053,1.2321441706273544
2023-06-30 23:00:00,26053,1.2321441706273544
2023-07-01 00:00:00,26053,1.2321441706273544
2023-06-30 01:00:00,26055,20.434294884663863
2023-06-30 02:00:00,26055,20.434294884663863
2023-06-30 03:00:00,26055,20.434294884663863
2023-06-30 04:00:00,26055,20.434294884663863
2023-06-30 05:00:00,26055,20.434294884663863
2023-06-30 06:00:00,26055,20.434294884663863
2023-06-30 07:00:00,26055,20.434294884663863
2023-06-30 08:00:00,26055,20.434294884663863
2023-06-30 09:00:00,26055,20.434294884663863
2023-06-30 10:00:00,26055,20.434294884663863
2023-06-30 11:00:00,26055,20.434294884663863
2023-06-30 12:00:00,26055,20.434294884663863
2023-06-30 13:00:00,26055,20.434294884663863
2023-06-30 14:00:00,26055,20.434294884663863
2023-06-30 15:00:00,26055,20.434294884663863
2023-06-30 16:00:00,26055,20.434294884663863
2023-06-30 17:00:00,26055,20.434294884663863
2023-06-30 18:00:00,26055,20.434294884663863
2023-06-30 19:00:00,26055,20.434294884663863
2023-06-30 20:00:00,26055,20.434294884663863
2023-06-30 21:00:00,26055,20.434294884663863
2023-06-30 22:00:00,26055,20.434294884663863
2023-06-30 23:00:00,26055,20.434294884663863
2023-07-01 00:00:00,26055,20.434294884663863
2023-06-30 01:00:00,26057,1.3454983716344355
2023-06-30 02:00:00,26057,1.3454983716344355
2023-06-30 03:00:00,26057,1.3454983716344355
2023-06-30 04:00:00,26057,1.3454983716344355
2023-06-30 05:00:00,26057,1.3454983716344355
2023-06-30 06:00:00,26057,1.3454983716344355
2023-06-30 07:00:00,26057,1.3454983716344355
2023-06-30 08:00:00,26057,1.3454983716344355
2023-06-30 09:00:00,26057,1.3454983716344355
2023-06-30 10:00:00,26057,1.3454983716344355
2023-06-30 11:00:00,26057,1.3454983716344355
2023-06-30 12:00:00,26057,1.3454983716344355
2023-06-30 13:00:00,26057,1.3454983716344355
2023-06-30 14:00:00,26057,1.3454983716344355
2023-06-30 15:00:00,26057,1.3454983716344355
2023-06-30 16:00:00,26057,1.3454983716344355
2023-06-30 17:00:00,26057,1.3454983716344355
2023-06-30 18:00:00,26057,1.3454983716344355
2023-06-30 19:00:00,26057,1.3454983716344355
2023-06-30 20:00:00,26057,1.3454983716344355
2023-06-30 21:00:00,26057,1.3454983716344355
2023-06-30 22:00:00,26057,1.3454983716344355
2023-06-30 23:00:00,26057,1.3454983716344355
2023-07-01 00:00:00,26057,1.3454983716344355
2023-06-30 01:00:00,26059,3.519413894948719
2023-06-30 02:00:00,26059,3.519413894948719
2023-06-30 03:00:00,26059,3.519413894948719
2023-06-30 04:00:00,26059,3.519413894948719
2023-06-30 05:00:00,26059,3.519413894948719
2023-06-30 06:00:00,26059,3.519413894948719
2023-06-30 07:00:00,26059,3.519413894948719
2023-06-30 08:00:00,26059,3.519413894948719
2023-06-30 09:00:00,26059,3.519413894948719
2023-06-30 10:00:00,26059,3.519413894948719
2023-06-30 11:00:00,26059,3.519413894948719
2023-06-30 12:00:00,26059,3.519413894948719
2023-06-30 13:00:00,26059,3.519413894948719
2023-06-30 14:00:00,26059,3.519413894948719
2023-06-30 15:00:00,26059,3.519413894948719
2023-06-30 16:00:00,26059,3.519413894948719
2023-06-30 17:00:00,26059,3.519413894948719
2023-06-30 18:00:00,26059,3.519413894948719
2023-06-30 19:00:00,26059,3.519413894948719
2023-06-30 20:00:00,26059,3.519413894948719
2023-06-30 21:00:00,26059,3.519413894948719
2023-06-30 22:00:00,26059,3.519413894948719
2023-06-30 23:00:00,26059,3.519413894948719
2023-07-01 00:00:00,26059,3.519413894948719
2023-06-30 01:00:00,26061,6.3278427691715695
2023-06-30 02:00:00,26061,6.3278427691715695
2023-06-30 03:00:00,26061,6.3278427691715695
2023-06-30 04:00:00,26061,6.3278427691715695
2023-06-30 05:00:00,26061,6.3278427691715695
2023-06-30 06:00:00,26061,6.3278427691715695
2023-06-30 07:00:00,26061,6.3278427691715695
2023-06-30 08:00:00,26061,6.3278427691715695
2023-06-30 09:00:00,26061,6.3278427691715695
2023-06-30 10:00:00,26061,6.3278427691715695
2023-06-30 11:00:00,26061,6.3278427691715695
2023-06-30 12:00:00,26061,6.3278427691715695
2023-06-30 13:00:00,26061,6.3278427691715695
2023-06-30 14:00:00,26061,6.3278427691715695
2023-06-30 15:00:00,26061,6.3278427691715695
2023-06-30 16:00:00,26061,6.3278427691715695
2023-06-30 17:00:00,26061,6.3278427691715695
2023-06-30 18:00:00,26061,6.3278427691715695
2023-06-30 19:00:00,26061,6.3278427691715695
2023-06-30 20:00:00,26061,6.3278427691715695
2023-06-30 21:00:00,26061,6.3278427691715695
2023-06-30 22:00:00,26061,6.3278427691715695
2023-06-30 23:00:00,26061,6.3278427691715695
2023-07-01 00:00:00,26061,6.3278427691715695
2023-06-30 01:00:00,26063,0.8013241073869843
2023-06-30 02:00:00,26063,0.8013241073869843
2023-06-30 03:00:00,26063,0.8013241073869843
2023-06-30 04:00:00,26063,0.8013241073869843
2023-06-30 05:00:00,26063,0.8013241073869843
2023-06-30 06:00:00,26063,0.8013241073869843
2023-06-30 07:00:00,26063,0.8013241073869843
2023-06-30 08:00:00,26063,0.8013241073869843
2023-06-30 09:00:00,26063,0.8013241073869843
2023-06-30 10:00:00,26063,0.8013241073869843
2023-06-30 11:00:00,26063,0.8013241073869843
2023-06-30 12:00:00,26063,0.8013241073869843
2023-06-30 13:00:00,26063,0.8013241073869843
2023-06-30 14:00:00,26063,0.8013241073869843
2023-06-30 15:00:00,26063,0.8013241073869843
2023-06-30 16:00:00,26063,0.8013241073869843
2023-06-30 17:00:00,26063,0.8013241073869843
2023-06-30 18:00:00,26063,0.8013241073869843
2023-06-30 19:00:00,26063,0.8013241073869843
2023-06-30 20:00:00,26063,0.8013241073869843
2023-06-30 21:00:00,26063,0.8013241073869843
2023-06-30 22:00:00,26063,0.8013241073869843
2023-06-30 23:00:00,26063,0.8013241073869843
2023-07-01 00:00:00,26063,0.8013241073869843
2023-06-30 01:00:00,26065,9.021722835998332
2023-06-30 02:00:00,26065,9.021722835998332
2023-06-30 03:00:00,26065,9.021722835998332
2023-06-30 04:00:00,26065,9.021722835998332
2023-06-30 05:00:00,26065,9.021722835998332
2023-06-30 06:00:00,26065,9.021722835998332
2023-06-30 07:00:00,26065,9.021722835998332
2023-06-30 08:00:00,26065,9.021722835998332
2023-06-30 09:00:00,26065,9.021722835998332
2023-06-30 10:00:00,26065,9.021722835998332
2023-06-30 11:00:00,26065,9.021722835998332
2023-06-30 12:00:00,26065,9.021722835998332
2023-06-30 13:00:00,26065,9.021722835998332
2023-06-30 14:00:00,26065,9.021722835998332
2023-06-30 15:00:00,26065,9.021722835998332
2023-06-30 16:00:00,26065,9.021722835998332
2023-06-30 17:00:00,26065,9.021722835998332
2023-06-30 18:00:00,26065,9.021722835998332
2023-06-30 19:00:00,26065,9.021722835998332
2023-06-30 20:00:00,26065,9.021722835998332
2023-06-30 21:00:00,26065,9.021722835998332
2023-06-30 22:00:00,26065,9.021722835998332
2023-06-30 23:00:00,26065,9.021722835998332
2023-07-01 00:00:00,26065,9.021722835998332
2023-06-30 01:00:00,26067,21.318819731167345
2023-06-30 02:00:00,26067,21.318819731167345
2023-06-30 03:00:00,26067,21.318819731167345
2023-06-30 04:00:00,26067,21.318819731167345
2023-06-30 05:00:00,26067,21.318819731167345
2023-06-30 06:00:00,26067,21.318819731167345
2023-06-30 07:00:00,26067,21.318819731167345
2023-06-30 08:00:00,26067,21.318819731167345
2023-06-30 09:00:00,26067,21.318819731167345
2023-06-30 10:00:00,26067,21.318819731167345
2023-06-30 11:00:00,26067,21.318819731167345
2023-06-30 12:00:00,26067,21.318819731167345
2023-06-30 13:00:00,26067,21.318819731167345
2023-06-30 14:00:00,26067,21.318819731167345
2023-06-30 15:00:00,26067,21.318819731167345
2023-06-30 16:00:00,26067,21.318819731167345
2023-06-30 17:00:00,26067,21.318819731167345
2023-06-30 18:00:00,26067,21.318819731167345
2023-06-30 19:00:00,26067,21.318819731167345
2023-06-30 20:00:00,26067,21.318819731167345
2023-06-30 21:00:00,26067,21.318819731167345
2023-06-30 22:00:00,26067,21.318819731167345
2023-06-30 23:00:00,26067,21.318819731167345
2023-07-01 00:00:00,26067,21.318819731167345
2023-06-30 01:00:00,26069,91.76337573062774
2023-06-30 02:00:00,26069,91.76337573062774
2023-06-30 03:00:00,26069,91.76337573062774
2023-06-30 04:00:00,26069,91.76337573062774
2023-06-30 05:00:00,26069,91.76337573062774
2023-06-30 06:00:00,26069,91.76337573062774
2023-06-30 07:00:00,26069,91.76337573062774
2023-06-30 08:00:00,26069,91.76337573062774
2023-06-30 09:00:00,26069,91.76337573062774
2023-06-30 10:00:00,26069,91.76337573062774
2023-06-30 11:00:00,26069,91.76337573062774
2023-06-30 12:00:00,26069,91.76337573062774
2023-06-30 13:00:00,26069,91.76337573062774
2023-06-30 14:00:00,26069,91.76337573062774
2023-06-30 15:00:00,26069,91.76337573062774
2023-06-30 16:00:00,26069,91.76337573062774
2023-06-30 17:00:00,26069,91.76337573062774
2023-06-30 18:00:00,26069,91.76337573062774
2023-06-30 19:00:00,26069,91.76337573062774
2023-06-30 20:00:00,26069,91.76337573062774
2023-06-30 21:00:00,26069,91.76337573062774
2023-06-30 22:00:00,26069,91.76337573062774
2023-06-30 23:00:00,26069,91.76337573062774
2023-07-01 00:00:00,26069,91.76337573062774
2023-06-30 01:00:00,26071,0.37145393388098386
2023-06-30 02:00:00,26071,0.37145393388098386
2023-06-30 03:00:00,26071,0.37145393388098386
2023-06-30 04:00:00,26071,0.37145393388098386
2023-06-30 05:00:00,26071,0.37145393388098386
2023-06-30 06:00:00,26071,0.37145393388098386
2023-06-30 07:00:00,26071,0.37145393388098386
2023-06-30 08:00:00,26071,0.37145393388098386
2023-06-30 09:00:00,26071,0.37145393388098386
2023-06-30 10:00:00,26071,0.37145393388098386
2023-06-30 11:00:00,26071,0.37145393388098386
2023-06-30 12:00:00,26071,0.37145393388098386
2023-06-30 13:00:00,26071,0.37145393388098386
2023-06-30 14:00:00,26071,0.37145393388098386
2023-06-30 15:00:00,26071,0.37145393388098386
2023-06-30 16:00:00,26071,0.37145393388098386
2023-06-30 17:00:00,26071,0.37145393388098386
2023-06-30 18:00:00,26071,0.37145393388098386
2023-06-30 19:00:00,26071,0.37145393388098386
2023-06-30 20:00:00,26071,0.37145393388098386
2023-06-30 21:00:00,26071,0.37145393388098386
2023-06-30 22:00:00,26071,0.37145393388098386
2023-06-30 23:00:00,26071,0.37145393388098386
2023-07-01 00:00:00,26071,0.37145393388098386
2023-06-30 01:00:00,26073,0.5119171768683525
2023-06-30 02:00:00,26073,0.5119171768683525
2023-06-30 03:00:00,26073,0.5119171768683525
2023-06-30 04:00:00,26073,0.5119171768683525
2023-06-30 05:00:00,26073,0.5119171768683525
2023-06-30 06:00:00,26073,0.5119171768683525
2023-06-30 07:00:00,26073,0.5119171768683525
2023-06-30 08:00:00,26073,0.5119171768683525
2023-06-30 09:00:00,26073,0.5119171768683525
2023-06-30 10:00:00,26073,0.5119171768683525
2023-06-30 11:00:00,26073,0.5119171768683525
2023-06-30 12:00:00,26073,0.5119171768683525
2023-06-30 13:00:00,26073,0.5119171768683525
2023-06-30 14:00:00,26073,0.5119171768683525
2023-06-30 15:00:00,26073,0.5119171768683525
2023-06-30 16:00:00,26073,0.5119171768683525
2023-06-30 17:00:00,26073,0.5119171768683525
2023-06-30 18:00:00,26073,0.5119171768683525
2023-06-30 19:00:00,26073,0.5119171768683525
2023-06-30 20:00:00,26073,0.5119171768683525
2023-06-30 21:00:00,26073,0.5119171768683525
2023-06-30 22:00:00,26073,0.5119171768683525
2023-06-30 23:00:00,26073,0.5119171768683525
2023-07-01 00:00:00,26073,0.5119171768683525
2023-06-30 01:00:00,26075,13.064949706388244
2023-06-30 02:00:00,26075,13.064949706388244
2023-06-30 03:00:00,26075,13.064949706388244
2023-06-30 04:00:00,26075,13.064949706388244
2023-06-30 05:00:00,26075,13.064949706388244
2023-06-30 06:00:00,26075,13.064949706388244
2023-06-30 07:00:00,26075,13.064949706388244
2023-06-30 08:00:00,26075,13.064949706388244
2023-06-30 09:00:00,26075,13.064949706388244
2023-06-30 10:00:00,26075,13.064949706388244
2023-06-30 11:00:00,26075,13.064949706388244
2023-06-30 12:00:00,26075,13.064949706388244
2023-06-30 13:00:00,26075,13.064949706388244
2023-06-30 14:00:00,26075,13.064949706388244
2023-06-30 15:00:00,26075,13.064949706388244
2023-06-30 16:00:00,26075,13.064949706388244
2023-06-30 17:00:00,26075,13.064949706388244
2023-06-30 18:00:00,26075,13.064949706388244
2023-06-30 19:00:00,26075,13.064949706388244
2023-06-30 20:00:00,26075,13.064949706388244
2023-06-30 21:00:00,26075,13.064949706388244
2023-06-30 22:00:00,26075,13.064949706388244
2023-06-30 23:00:00,26075,13.064949706388244
2023-07-01 00:00:00,26075,13.064949706388244
2023-06-30 01:00:00,26077,12.905299835031052
2023-06-30 02:00:00,26077,12.905299835031052
2023-06-30 03:00:00,26077,12.905299835031052
2023-06-30 04:00:00,26077,12.905299835031052
2023-06-30 05:00:00,26077,12.905299835031052
2023-06-30 06:00:00,26077,12.905299835031052
2023-06-30 07:00:00,26077,12.905299835031052
2023-06-30 08:00:00,26077,12.905299835031052
2023-06-30 09:00:00,26077,12.905299835031052
2023-06-30 10:00:00,26077,12.905299835031052
2023-06-30 11:00:00,26077,12.905299835031052
2023-06-30 12:00:00,26077,12.905299835031052
2023-06-30 13:00:00,26077,12.905299835031052
2023-06-30 14:00:00,26077,12.905299835031052
2023-06-30 15:00:00,26077,12.905299835031052
2023-06-30 16:00:00,26077,12.905299835031052
2023-06-30 17:00:00,26077,12.905299835031052
2023-06-30 18:00:00,26077,12.905299835031052
2023-06-30 19:00:00,26077,12.905299835031052
2023-06-30 20:00:00,26077,12.905299835031052
2023-06-30 21:00:00,26077,12.905299835031052
2023-06-30 22:00:00,26077,12.905299835031052
2023-06-30 23:00:00,26077,12.905299835031052
2023-07-01 00:00:00,26077,12.905299835031052
2023-06-30 01:00:00,26079,0.04860372091578973
2023-06-30 02:00:00,26079,0.04860372091578973
2023-06-30 03:00:00,26079,0.04860372091578973
2023-06-30 04:00:00,26079,0.04860372091578973
2023-06-30 05:00:00,26079,0.04860372091578973
2023-06-30 06:00:00,26079,0.04860372091578973
2023-06-30 07:00:00,26079,0.04860372091578973
2023-06-30 08:00:00,26079,0.04860372091578973
2023-06-30 09:00:00,26079,0.04860372091578973
2023-06-30 10:00:00,26079,0.04860372091578973
2023-06-30 11:00:00,26079,0.04860372091578973
2023-06-30 12:00:00,26079,0.04860372091578973
2023-06-30 13:00:00,26079,0.04860372091578973
2023-06-30 14:00:00,26079,0.04860372091578973
2023-06-30 15:00:00,26079,0.04860372091578973
2023-06-30 16:00:00,26079,0.04860372091578973
2023-06-30 17:00:00,26079,0.04860372091578973
2023-06-30 18:00:00,26079,0.04860372091578973
2023-06-30 19:00:00,26079,0.04860372091578973
2023-06-30 20:00:00,26079,0.04860372091578973
2023-06-30 21:00:00,26079,0.04860372091578973
2023-06-30 22:00:00,26079,0.04860372091578973
2023-06-30 23:00:00,26079,0.04860372091578973
2023-07-01 00:00:00,26079,0.04860372091578973
2023-06-30 01:00:00,26081,158.74857616658852
2023-06-30 02:00:00,26081,158.74857616658852
2023-06-30 03:00:00,26081,158.74857616658852
2023-06-30 04:00:00,26081,158.74857616658852
2023-06-30 05:00:00,26081,158.74857616658852
2023-06-30 06:00:00,26081,158.74857616658852
2023-06-30 07:00:00,26081,158.74857616658852
2023-06-30 08:00:00,26081,158.74857616658852
2023-06-30 09:00:00,26081,158.74857616658852
2023-06-30 10:00:00,26081,158.74857616658852
2023-06-30 11:00:00,26081,158.74857616658852
2023-06-30 12:00:00,26081,158.74857616658852
2023-06-30 13:00:00,26081,158.74857616658852
2023-06-30 14:00:00,26081,158.74857616658852
2023-06-30 15:00:00,26081,158.74857616658852
2023-06-30 16:00:00,26081,158.74857616658852
2023-06-30 17:00:00,26081,158.74857616658852
2023-06-30 18:00:00,26081,158.74857616658852
2023-06-30 19:00:00,26081,158.74857616658852
2023-06-30 20:00:00,26081,158.74857616658852
2023-06-30 21:00:00,26081,158.74857616658852
2023-06-30 22:00:00,26081,158.74857616658852
2023-06-30 23:00:00,26081,158.74857616658852
2023-07-01 00:00:00,26081,158.74857616658852
2023-06-30 01:00:00,26083,3.740774731182701e-08
2023-06-30 02:00:00,26083,3.740774731182701e-08
2023-06-30 03:00:00,26083,3.740774731182701e-08
2023-06-30 04:00:00,26083,3.740774731182701e-08
2023-06-30 05:00:00,26083,3.740774731182701e-08
2023-06-30 06:00:00,26083,3.740774731182701e-08
2023-06-30 07:00:00,26083,3.740774731182701e-08
2023-06-30 08:00:00,26083,3.740774731182701e-08
2023-06-30 09:00:00,26083,3.740774731182701e-08
2023-06-30 10:00:00,26083,3.740774731182701e-08
2023-06-30 11:00:00,26083,3.740774731182701e-08
2023-06-30 12:00:00,26083,3.740774731182701e-08
2023-06-30 13:00:00,26083,3.740774731182701e-08
2023-06-30 14:00:00,26083,3.740774731182701e-08
2023-06-30 15:00:00,26083,3.740774731182701e-08
2023-06-30 16:00:00,26083,3.740774731182701e-08
2023-06-30 17:00:00,26083,3.740774731182701e-08
2023-06-30 18:00:00,26083,3.740774731182701e-08
2023-06-30 19:00:00,26083,3.740774731182701e-08
2023-06-30 20:00:00,26083,3.740774731182701e-08
2023-06-30 21:00:00,26083,3.740774731182701e-08
2023-06-30 22:00:00,26083,3.740774731182701e-08
2023-06-30 23:00:00,26083,3.740774731182701e-08
2023-07-01 00:00:00,26083,3.740774731182701e-08
2023-06-30 01:00:00,26085,0.7447399642107267
2023-06-30 02:00:00,26085,0.7447399642107267
2023-06-30 03:00:00,26085,0.7447399642107267
2023-06-30 04:00:00,26085,0.7447399642107267
2023-06-30 05:00:00,26085,0.7447399642107267
2023-06-30 06:00:00,26085,0.7447399642107267
2023-06-30 07:00:00,26085,0.7447399642107267
2023-06-30 08:00:00,26085,0.7447399642107267
2023-06-30 09:00:00,26085,0.7447399642107267
2023-06-30 10:00:00,26085,0.7447399642107267
2023-06-30 11:00:00,26085,0.7447399642107267
2023-06-30 12:00:00,26085,0.7447399642107267
2023-06-30 13:00:00,26085,0.7447399642107267
2023-06-30 14:00:00,26085,0.7447399642107267
2023-06-30 15:00:00,26085,0.7447399642107267
2023-06-30 16:00:00,26085,0.7447399642107267
2023-06-30 17:00:00,26085,0.7447399642107267
2023-06-30 18:00:00,26085,0.7447399642107267
2023-06-30 19:00:00,26085,0.7447399642107267
2023-06-30 20:00:00,26085,0.7447399642107267
2023-06-30 21:00:00,26085,0.7447399642107267
2023-06-30 22:00:00,26085,0.7447399642107267
2023-06-30 23:00:00,26085,0.7447399642107267
2023-07-01 00:00:00,26085,0.7447399642107267
2023-06-30 01:00:00,26087,5.7904836562194895
2023-06-30 02:00:00,26087,5.7904836562194895
2023-06-30 03:00:00,26087,5.7904836562194895
2023-06-30 04:00:00,26087,5.7904836562194895
2023-06-30 05:00:00,26087,5.7904836562194895
2023-06-30 06:00:00,26087,5.7904836562194895
2023-06-30 07:00:00,26087,5.7904836562194895
2023-06-30 08:00:00,26087,5.7904836562194895
2023-06-30 09:00:00,26087,5.7904836562194895
2023-06-30 10:00:00,26087,5.7904836562194895
2023-06-30 11:00:00,26087,5.7904836562194895
2023-06-30 12:00:00,26087,5.7904836562194895
2023-06-30 13:00:00,26087,5.7904836562194895
2023-06-30 14:00:00,26087,5.7904836562194895
2023-06-30 15:00:00,26087,5.7904836562194895
2023-06-30 16:00:00,26087,5.7904836562194895
2023-06-30 17:00:00,26087,5.7904836562194895
2023-06-30 18:00:00,26087,5.7904836562194895
2023-06-30 19:00:00,26087,5.7904836562194895
2023-06-30 20:00:00,26087,5.7904836562194895
2023-06-30 21:00:00,26087,5.7904836562194895
2023-06-30 22:00:00,26087,5.7904836562194895
2023-06-30 23:00:00,26087,5.7904836562194895
2023-07-01 00:00:00,26087,5.7904836562194895
2023-06-30 01:00:00,26089,0.10331414128392627
2023-06-30 02:00:00,26089,0.10331414128392627
2023-06-30 03:00:00,26089,0.10331414128392627
2023-06-30 04:00:00,26089,0.10331414128392627
2023-06-30 05:00:00,26089,0.10331414128392627
2023-06-30 06:00:00,26089,0.10331414128392627
2023-06-30 07:00:00,26089,0.10331414128392627
2023-06-30 08:00:00,26089,0.10331414128392627
2023-06-30 09:00:00,26089,0.10331414128392627
2023-06-30 10:00:00,26089,0.10331414128392627
2023-06-30 11:00:00,26089,0.10331414128392627
2023-06-30 12:00:00,26089,0.10331414128392627
2023-06-30 13:00:00,26089,0.10331414128392627
2023-06-30 14:00:00,26089,0.10331414128392627
2023-06-30 15:00:00,26089,0.10331414128392627
2023-06-30 16:00:00,26089,0.10331414128392627
2023-06-30 17:00:00,26089,0.10331414128392627
2023-06-30 18:00:00,26089,0.10331414128392627
2023-06-30 19:00:00,26089,0.10331414128392627
2023-06-30 20:00:00,26089,0.10331414128392627
2023-06-30 21:00:00,26089,0.10331414128392627
2023-06-30 22:00:00,26089,0.10331414128392627
2023-06-30 23:00:00,26089,0.10331414128392627
2023-07-01 00:00:00,26089,0.10331414128392627
2023-06-30 01:00:00,26091,6.42707067658046
2023-06-30 02:00:00,26091,6.42707067658046
2023-06-30 03:00:00,26091,6.42707067658046
2023-06-30 04:00:00,26091,6.42707067658046
2023-06-30 05:00:00,26091,6.42707067658046
2023-06-30 06:00:00,26091,6.42707067658046
2023-06-30 07:00:00,26091,6.42707067658046
2023-06-30 08:00:00,26091,6.42707067658046
2023-06-30 09:00:00,26091,6.42707067658046
2023-06-30 10:00:00,26091,6.42707067658046
2023-06-30 11:00:00,26091,6.42707067658046
2023-06-30 12:00:00,26091,6.42707067658046
2023-06-30 13:00:00,26091,6.42707067658046
2023-06-30 14:00:00,26091,6.42707067658046
2023-06-30 15:00:00,26091,6.42707067658046
2023-06-30 16:00:00,26091,6.42707067658046
2023-06-30 17:00:00,26091,6.42707067658046
2023-06-30 18:00:00,26091,6.42707067658046
2023-06-30 19:00:00,26091,6.42707067658046
2023-06-30 20:00:00,26091,6.42707067658046
2023-06-30 21:00:00,26091,6.42707067658046
2023-06-30 22:00:00,26091,6.42707067658046
2023-06-30 23:00:00,26091,6.42707067658046
2023-07-01 00:00:00,26091,6.42707067658046
2023-06-30 01:00:00,26093,57.45911403910378
2023-06-30 02:00:00,26093,57.45911403910378
2023-06-30 03:00:00,26093,57.45911403910378
2023-06-30 04:00:00,26093,57.45911403910378
2023-06-30 05:00:00,26093,57.45911403910378
2023-06-30 06:00:00,26093,57.45911403910378
2023-06-30 07:00:00,26093,57.45911403910378
2023-06-30 08:00:00,26093,57.45911403910378
2023-06-30 09:00:00,26093,57.45911403910378
2023-06-30 10:00:00,26093,57.45911403910378
2023-06-30 11:00:00,26093,57.45911403910378
2023-06-30 12:00:00,26093,57.45911403910378
2023-06-30 13:00:00,26093,57.45911403910378
2023-06-30 14:00:00,26093,57.45911403910378
2023-06-30 15:00:00,26093,57.45911403910378
2023-06-30 16:00:00,26093,57.45911403910378
2023-06-30 17:00:00,26093,57.45911403910378
2023-06-30 18:00:00,26093,57.45911403910378
2023-06-30 19:00:00,26093,57.45911403910378
2023-06-30 20:00:00,26093,57.45911403910378
2023-06-30 21:00:00,26093,57.45911403910378
2023-06-30 22:00:00,26093,57.45911403910378
2023-06-30 23:00:00,26093,57.45911403910378
2023-07-01 00:00:00,26093,57.45911403910378
2023-06-30 01:00:00,26095,2.4603535595615162e-45
2023-06-30 02:00:00,26095,2.4603535595615162e-45
2023-06-30 03:00:00,26095,2.4603535595615162e-45
2023-06-30 04:00:00,26095,2.4603535595615162e-45
2023-06-30 05:00:00,26095,2.4603535595615162e-45
2023-06-30 06:00:00,26095,2.4603535595615162e-45
2023-06-30 07:00:00,26095,2.4603535595615162e-45
2023-06-30 08:00:00,26095,2.4603535595615162e-45
2023-06-30 09:00:00,26095,2.4603535595615162e-45
2023-06-30 10:00:00,26095,2.4603535595615162e-45
2023-06-30 11:00:00,26095,2.4603535595615162e-45
2023-06-30 12:00:00,26095,2.4603535595615162e-45
2023-06-30 13:00:00,26095,2.4603535595615162e-45
2023-06-30 14:00:00,26095,2.4603535595615162e-45
2023-06-30 15:00:00,26095,2.4603535595615162e-45
2023-06-30 16:00:00,26095,2.4603535595615162e-45
2023-06-30 17:00:00,26095,2.4603535595615162e-45
2023-06-30 18:00:00,26095,2.4603535595615162e-45
2023-06-30 19:00:00,26095,2.4603535595615162e-45
2023-06-30 20:00:00,26095,2.4603535595615162e-45
2023-06-30 21:00:00,26095,2.4603535595615162e-45
2023-06-30 22:00:00,26095,2.4603535595615162e-45
2023-06-30 23:00:00,26095,2.4603535595615162e-45
2023-07-01 00:00:00,26095,2.4603535595615162e-45
2023-06-30 01:00:00,26097,0.006287476501227809
2023-06-30 02:00:00,26097,0.006287476501227809
2023-06-30 03:00:00,26097,0.006287476501227809
2023-06-30 04:00:00,26097,0.006287476501227809
2023-06-30 05:00:00,26097,0.006287476501227809
2023-06-30 06:00:00,26097,0.006287476501227809
2023-06-30 07:00:00,26097,0.006287476501227809
2023-06-30 08:00:00,26097,0.006287476501227809
2023-06-30 09:00:00,26097,0.006287476501227809
2023-06-30 10:00:00,26097,0.006287476501227809
2023-06-30 11:00:00,26097,0.006287476501227809
2023-06-30 12:00:00,26097,0.006287476501227809
2023-06-30 13:00:00,26097,0.006287476501227809
2023-06-30 14:00:00,26097,0.006287476501227809
2023-06-30 15:00:00,26097,0.006287476501227809
2023-06-30 16:00:00,26097,0.006287476501227809
2023-06-30 17:00:00,26097,0.006287476501227809
2023-06-30 18:00:00,26097,0.006287476501227809
2023-06-30 19:00:00,26097,0.006287476501227809
2023-06-30 20:00:00,26097,0.006287476501227809
2023-06-30 21:00:00,26097,0.006287476501227809
2023-06-30 22:00:00,26097,0.006287476501227809
2023-06-30 23:00:00,26097,0.006287476501227809
2023-07-01 00:00:00,26097,0.006287476501227809
2023-06-30 01:00:00,26099,485.7797222297436
2023-06-30 02:00:00,26099,485.7797222297436
2023-06-30 03:00:00,26099,485.7797222297436
2023-06-30 04:00:00,26099,485.7797222297436
2023-06-30 05:00:00,26099,485.7797222297436
2023-06-30 06:00:00,26099,485.7797222297436
2023-06-30 07:00:00,26099,485.7797222297436
2023-06-30 08:00:00,26099,485.7797222297436
2023-06-30 09:00:00,26099,485.7797222297436
2023-06-30 10:00:00,26099,485.7797222297436
2023-06-30 11:00:00,26099,485.7797222297436
2023-06-30 12:00:00,26099,485.7797222297436
2023-06-30 13:00:00,26099,485.7797222297436
2023-06-30 14:00:00,26099,485.7797222297436
2023-06-30 15:00:00,26099,485.7797222297436
2023-06-30 16:00:00,26099,485.7797222297436
2023-06-30 17:00:00,26099,485.7797222297436
2023-06-30 18:00:00,26099,485.7797222297436
2023-06-30 19:00:00,26099,485.7797222297436
2023-06-30 20:00:00,26099,485.7797222297436
2023-06-30 21:00:00,26099,485.7797222297436
2023-06-30 22:00:00,26099,485.7797222297436
2023-06-30 23:00:00,26099,485.7797222297436
2023-07-01 00:00:00,26099,485.7797222297436
2023-06-30 01:00:00,26101,0.8974022754827434
2023-06-30 02:00:00,26101,0.8974022754827434
2023-06-30 03:00:00,26101,0.8974022754827434
2023-06-30 04:00:00,26101,0.8974022754827434
2023-06-30 05:00:00,26101,0.8974022754827434
2023-06-30 06:00:00,26101,0.8974022754827434
2023-06-30 07:00:00,26101,0.8974022754827434
2023-06-30 08:00:00,26101,0.8974022754827434
2023-06-30 09:00:00,26101,0.8974022754827434
2023-06-30 10:00:00,26101,0.8974022754827434
2023-06-30 11:00:00,26101,0.8974022754827434
2023-06-30 12:00:00,26101,0.8974022754827434
2023-06-30 13:00:00,26101,0.8974022754827434
2023-06-30 14:00:00,26101,0.8974022754827434
2023-06-30 15:00:00,26101,0.8974022754827434
2023-06-30 16:00:00,26101,0.8974022754827434
2023-06-30 17:00:00,26101,0.8974022754827434
2023-06-30 18:00:00,26101,0.8974022754827434
2023-06-30 19:00:00,26101,0.8974022754827434
2023-06-30 20:00:00,26101,0.8974022754827434
2023-06-30 21:00:00,26101,0.8974022754827434
2023-06-30 22:00:00,26101,0.8974022754827434
2023-06-30 23:00:00,26101,0.8974022754827434
2023-07-01 00:00:00,26101,0.8974022754827434
2023-06-30 01:00:00,26103,0.5480166553816257
2023-06-30 02:00:00,26103,0.5480166553816257
2023-06-30 03:00:00,26103,0.5480166553816257
2023-06-30 04:00:00,26103,0.5480166553816257
2023-06-30 05:00:00,26103,0.5480166553816257
2023-06-30 06:00:00,26103,0.5480166553816257
2023-06-30 07:00:00,26103,0.5480166553816257
2023-06-30 08:00:00,26103,0.5480166553816257
2023-06-30 09:00:00,26103,0.5480166553816257
2023-06-30 10:00:00,26103,0.5480166553816257
2023-06-30 11:00:00,26103,0.5480166553816257
2023-06-30 12:00:00,26103,0.5480166553816257
2023-06-30 13:00:00,26103,0.5480166553816257
2023-06-30 14:00:00,26103,0.5480166553816257
2023-06-30 15:00:00,26103,0.5480166553816257
2023-06-30 16:00:00,26103,0.5480166553816257
2023-06-30 17:00:00,26103,0.5480166553816257
2023-06-30 18:00:00,26103,0.5480166553816257
2023-06-30 19:00:00,26103,0.5480166553816257
2023-06-30 20:00:00,26103,0.5480166553816257
2023-06-30 21:00:00,26103,0.5480166553816257
2023-06-30 22:00:00,26103,0.5480166553816257
2023-06-30 23:00:00,26103,0.5480166553816257
2023-07-01 00:00:00,26103,0.5480166553816257
2023-06-30 01:00:00,26105,0.4727869178532692
2023-06-30 02:00:00,26105,0.4727869178532692
2023-06-30 03:00:00,26105,0.4727869178532692
2023-06-30 04:00:00,26105,0.4727869178532692
2023-06-30 05:00:00,26105,0.4727869178532692
2023-06-30 06:00:00,26105,0.4727869178532692
2023-06-30 07:00:00,26105,0.4727869178532692
2023-06-30 08:00:00,26105,0.4727869178532692
2023-06-30 09:00:00,26105,0.4727869178532692
2023-06-30 10:00:00,26105,0.4727869178532692
2023-06-30 11:00:00,26105,0.4727869178532692
2023-06-30 12:00:00,26105,0.4727869178532692
2023-06-30 13:00:00,26105,0.4727869178532692
2023-06-30 14:00:00,26105,0.4727869178532692
2023-06-30 15:00:00,26105,0.4727869178532692
2023-06-30 16:00:00,26105,0.4727869178532692
2023-06-30 17:00:00,26105,0.4727869178532692
2023-06-30 18:00:00,26105,0.4727869178532692
2023-06-30 19:00:00,26105,0.4727869178532692
2023-06-30 20:00:00,26105,0.4727869178532692
2023-06-30 21:00:00,26105,0.4727869178532692
2023-06-30 22:00:00,26105,0.4727869178532692
2023-06-30 23:00:00,26105,0.4727869178532692
2023-07-01 00:00:00,26105,0.4727869178532692
2023-06-30 01:00:00,26107,42.39273629095699
2023-06-30 02:00:00,26107,42.39273629095699
2023-06-30 03:00:00,26107,42.39273629095699
2023-06-30 04:00:00,26107,42.39273629095699
2023-06-30 05:00:00,26107,42.39273629095699
2023-06-30 06:00:00,26107,42.39273629095699
2023-06-30 07:00:00,26107,42.39273629095699
2023-06-30 08:00:00,26107,42.39273629095699
2023-06-30 09:00:00,26107,42.39273629095699
2023-06-30 10:00:00,26107,42.39273629095699
2023-06-30 11:00:00,26107,42.39273629095699
2023-06-30 12:00:00,26107,42.39273629095699
2023-06-30 13:00:00,26107,42.39273629095699
2023-06-30 14:00:00,26107,42.39273629095699
2023-06-30 15:00:00,26107,42.39273629095699
2023-06-30 16:00:00,26107,42.39273629095699
2023-06-30 17:00:00,26107,42.39273629095699
2023-06-30 18:00:00,26107,42.39273629095699
2023-06-30 19:00:00,26107,42.39273629095699
2023-06-30 20:00:00,26107,42.39273629095699
2023-06-30 21:00:00,26107,42.39273629095699
2023-06-30 22:00:00,26107,42.39273629095699
2023-06-30 23:00:00,26107,42.39273629095699
2023-07-01 00:00:00,26107,42.39273629095699
2023-06-30 01:00:00,26109,4.552765311635528
2023-06-30 02:00:00,26109,4.552765311635528
2023-06-30 03:00:00,26109,4.552765311635528
2023-06-30 04:00:00,26109,4.552765311635528
2023-06-30 05:00:00,26109,4.552765311635528
2023-06-30 06:00:00,26109,4.552765311635528
2023-06-30 07:00:00,26109,4.552765311635528
2023-06-30 08:00:00,26109,4.552765311635528
2023-06-30 09:00:00,26109,4.552765311635528
2023-06-30 10:00:00,26109,4.552765311635528
2023-06-30 11:00:00,26109,4.552765311635528
2023-06-30 12:00:00,26109,4.552765311635528
2023-06-30 13:00:00,26109,4.552765311635528
2023-06-30 14:00:00,26109,4.552765311635528
2023-06-30 15:00:00,26109,4.552765311635528
2023-06-30 16:00:00,26109,4.552765311635528
2023-06-30 17:00:00,26109,4.552765311635528
2023-06-30 18:00:00,26109,4.552765311635528
2023-06-30 19:00:00,26109,4.552765311635528
2023-06-30 20:00:00,26109,4.552765311635528
2023-06-30 21:00:00,26109,4.552765311635528
2023-06-30 22:00:00,26109,4.552765311635528
2023-06-30 23:00:00,26109,4.552765311635528
2023-07-01 00:00:00,26109,4.552765311635528
2023-06-30 01:00:00,26111,10.165140657629262
2023-06-30 02:00:00,26111,10.165140657629262
2023-06-30 03:00:00,26111,10.165140657629262
2023-06-30 04:00:00,26111,10.165140657629262
2023-06-30 05:00:00,26111,10.165140657629262
2023-06-30 06:00:00,26111,10.165140657629262
2023-06-30 07:00:00,26111,10.165140657629262
2023-06-30 08:00:00,26111,10.165140657629262
2023-06-30 09:00:00,26111,10.165140657629262
2023-06-30 10:00:00,26111,10.165140657629262
2023-06-30 11:00:00,26111,10.165140657629262
2023-06-30 12:00:00,26111,10.165140657629262
2023-06-30 13:00:00,26111,10.165140657629262
2023-06-30 14:00:00,26111,10.165140657629262
2023-06-30 15:00:00,26111,10.165140657629262
2023-06-30 16:00:00,26111,10.165140657629262
2023-06-30 17:00:00,26111,10.165140657629262
2023-06-30 18:00:00,26111,10.165140657629262
2023-06-30 19:00:00,26111,10.165140657629262
2023-06-30 20:00:00,26111,10.165140657629262
2023-06-30 21:00:00,26111,10.165140657629262
2023-06-30 22:00:00,26111,10.165140657629262
2023-06-30 23:00:00,26111,10.165140657629262
2023-07-01 00:00:00,26111,10.165140657629262
2023-06-30 01:00:00,26113,0.3239008386660981
2023-06-30 02:00:00,26113,0.3239008386660981
2023-06-30 03:00:00,26113,0.3239008386660981
2023-06-30 04:00:00,26113,0.3239008386660981
2023-06-30 05:00:00,26113,0.3239008386660981
2023-06-30 06:00:00,26113,0.3239008386660981
2023-06-30 07:00:00,26113,0.3239008386660981
2023-06-30 08:00:00,26113,0.3239008386660981
2023-06-30 09:00:00,26113,0.3239008386660981
2023-06-30 10:00:00,26113,0.3239008386660981
2023-06-30 11:00:00,26113,0.3239008386660981
2023-06-30 12:00:00,26113,0.3239008386660981
2023-06-30 13:00:00,26113,0.3239008386660981
2023-06-30 14:00:00,26113,0.3239008386660981
2023-06-30 15:00:00,26113,0.3239008386660981
2023-06-30 16:00:00,26113,0.3239008386660981
2023-06-30 17:00:00,26113,0.3239008386660981
2023-06-30 18:00:00,26113,0.3239008386660981
2023-06-30 19:00:00,26113,0.3239008386660981
2023-06-30 20:00:00,26113,0.3239008386660981
2023-06-30 21:00:00,26113,0.3239008386660981
2023-06-30 22:00:00,26113,0.3239008386660981
2023-06-30 23:00:00,26113,0.3239008386660981
2023-07-01 00:00:00,26113,0.3239008386660981
2023-06-30 01:00:00,26115,32.91330101670684
2023-06-30 02:00:00,26115,32.91330101670684
2023-06-30 03:00:00,26115,32.91330101670684
2023-06-30 04:00:00,26115,32.91330101670684
2023-06-30 05:00:00,26115,32.91330101670684
2023-06-30 06:00:00,26115,32.91330101670684
2023-06-30 07:00:00,26115,32.91330101670684
2023-06-30 08:00:00,26115,32.91330101670684
2023-06-30 09:00:00,26115,32.91330101670684
2023-06-30 10:00:00,26115,32.91330101670684
2023-06-30 11:00:00,26115,32.91330101670684
2023-06-30 12:00:00,26115,32.91330101670684
2023-06-30 13:00:00,26115,32.91330101670684
2023-06-30 14:00:00,26115,32.91330101670684
2023-06-30 15:00:00,26115,32.91330101670684
2023-06-30 16:00:00,26115,32.91330101670684
2023-06-30 17:00:00,26115,32.91330101670684
2023-06-30 18:00:00,26115,32.91330101670684
2023-06-30 19:00:00,26115,32.91330101670684
2023-06-30 20:00:00,26115,32.91330101670684
2023-06-30 21:00:00,26115,32.91330101670684
2023-06-30 22:00:00,26115,32.91330101670684
2023-06-30 23:00:00,26115,32.91330101670684
2023-07-01 00:00:00,26115,32.91330101670684
2023-06-30 01:00:00,26117,109.12806306564411
2023-06-30 02:00:00,26117,109.12806306564411
2023-06-30 03:00:00,26117,109.12806306564411
2023-06-30 04:00:00,26117,109.12806306564411
2023-06-30 05:00:00,26117,109.12806306564411
2023-06-30 06:00:00,26117,109.12806306564411
2023-06-30 07:00:00,26117,109.12806306564411
2023-06-30 08:00:00,26117,109.12806306564411
2023-06-30 09:00:00,26117,109.12806306564411
2023-06-30 10:00:00,26117,109.12806306564411
2023-06-30 11:00:00,26117,109.12806306564411
2023-06-30 12:00:00,26117,109.12806306564411
2023-06-30 13:00:00,26117,109.12806306564411
2023-06-30 14:00:00,26117,109.12806306564411
2023-06-30 15:00:00,26117,109.12806306564411
2023-06-30 16:00:00,26117,109.12806306564411
2023-06-30 17:00:00,26117,109.12806306564411
2023-06-30 18:00:00,26117,109.12806306564411
2023-06-30 19:00:00,26117,109.12806306564411
2023-06-30 20:00:00,26117,109.12806306564411
2023-06-30 21:00:00,26117,109.12806306564411
2023-06-30 22:00:00,26117,109.12806306564411
2023-06-30 23:00:00,26117,109.12806306564411
2023-07-01 00:00:00,26117,109.12806306564411
2023-06-30 01:00:00,26119,0.035082581290590074
2023-06-30 02:00:00,26119,0.035082581290590074
2023-06-30 03:00:00,26119,0.035082581290590074
2023-06-30 04:00:00,26119,0.035082581290590074
2023-06-30 05:00:00,26119,0.035082581290590074
2023-06-30 06:00:00,26119,0.035082581290590074
2023-06-30 07:00:00,26119,0.035082581290590074
2023-06-30 08:00:00,26119,0.035082581290590074
2023-06-30 09:00:00,26119,0.035082581290590074
2023-06-30 10:00:00,26119,0.035082581290590074
2023-06-30 11:00:00,26119,0.035082581290590074
2023-06-30 12:00:00,26119,0.035082581290590074
2023-06-30 13:00:00,26119,0.035082581290590074
2023-06-30 14:00:00,26119,0.035082581290590074
2023-06-30 15:00:00,26119,0.035082581290590074
2023-06-30 16:00:00,26119,0.035082581290590074
2023-06-30 17:00:00,26119,0.035082581290590074
2023-06-30 18:00:00,26119,0.035082581290590074
2023-06-30 19:00:00,26119,0.035082581290590074
2023-06-30 20:00:00,26119,0.035082581290590074
2023-06-30 21:00:00,26119,0.035082581290590074
2023-06-30 22:00:00,26119,0.035082581290590074
2023-06-30 23:00:00,26119,0.035082581290590074
2023-07-01 00:00:00,26119,0.035082581290590074
2023-06-30 01:00:00,26121,96.87437920429166
2023-06-30 02:00:00,26121,96.87437920429166
2023-06-30 03:00:00,26121,96.87437920429166
2023-06-30 04:00:00,26121,96.87437920429166
2023-06-30 05:00:00,26121,96.87437920429166
2023-06-30 06:00:00,26121,96.87437920429166
2023-06-30 07:00:00,26121,96.87437920429166
2023-06-30 08:00:00,26121,96.87437920429166
2023-06-30 09:00:00,26121,96.87437920429166
2023-06-30 10:00:00,26121,96.87437920429166
2023-06-30 11:00:00,26121,96.87437920429166
2023-06-30 12:00:00,26121,96.87437920429166
2023-06-30 13:00:00,26121,96.87437920429166
2023-06-30 14:00:00,26121,96.87437920429166
2023-06-30 15:00:00,26121,96.87437920429166
2023-06-30 16:00:00,26121,96.87437920429166
2023-06-30 17:00:00,26121,96.87437920429166
2023-06-30 18:00:00,26121,96.87437920429166
2023-06-30 19:00:00,26121,96.87437920429166
2023-06-30 20:00:00,26121,96.87437920429166
2023-06-30 21:00:00,26121,96.87437920429166
2023-06-30 22:00:00,26121,96.87437920429166
2023-06-30 23:00:00,26121,96.87437920429166
2023-07-01 00:00:00,26121,96.87437920429166
2023-06-30 01:00:00,26123,157.55417617330295
2023-06-30 02:00:00,26123,157.55417617330295
2023-06-30 03:00:00,26123,157.55417617330295
2023-06-30 04:00:00,26123,157.55417617330295
2023-06-30 05:00:00,26123,157.55417617330295
2023-06-30 06:00:00,26123,157.55417617330295
2023-06-30 07:00:00,26123,157.55417617330295
2023-06-30 08:00:00,26123,157.55417617330295
2023-06-30 09:00:00,26123,157.55417617330295
2023-06-30 10:00:00,26123,157.55417617330295
2023-06-30 11:00:00,26123,157.55417617330295
2023-06-30 12:00:00,26123,157.55417617330295
2023-06-30 13:00:00,26123,157.55417617330295
2023-06-30 14:00:00,26123,157.55417617330295
2023-06-30 15:00:00,26123,157.55417617330295
2023-06-30 16:00:00,26123,157.55417617330295
2023-06-30 17:00:00,26123,157.55417617330295
2023-06-30 18:00:00,26123,157.55417617330295
2023-06-30 19:00:00,26123,157.55417617330295
2023-06-30 20:00:00,26123,157.55417617330295
2023-06-30 21:00:00,26123,157.55417617330295
2023-06-30 22:00:00,26123,157.55417617330295
2023-06-30 23:00:00,26123,157.55417617330295
2023-07-01 00:00:00,26123,157.55417617330295
2023-06-30 01:00:00,26125,852.6679315836302
2023-06-30 02:00:00,26125,852.6679315836302
2023-06-30 03:00:00,26125,852.6679315836302
2023-06-30 04:00:00,26125,852.6679315836302
2023-06-30 05:00:00,26125,852.6679315836302
2023-06-30 06:00:00,26125,852.6679315836302
2023-06-30 07:00:00,26125,852.6679315836302
2023-06-30 08:00:00,26125,852.6679315836302
2023-06-30 09:00:00,26125,852.6679315836302
2023-06-30 10:00:00,26125,852.6679315836302
2023-06-30 11:00:00,26125,852.6679315836302
2023-06-30 12:00:00,26125,852.6679315836302
2023-06-30 13:00:00,26125,852.6679315836302
2023-06-30 14:00:00,26125,852.6679315836302
2023-06-30 15:00:00,26125,852.6679315836302
2023-06-30 16:00:00,26125,852.6679315836302
2023-06-30 17:00:00,26125,852.6679315836302
2023-06-30 18:00:00,26125,852.6679315836302
2023-06-30 19:00:00,26125,852.6679315836302
2023-06-30 20:00:00,26125,852.6679315836302
2023-06-30 21:00:00,26125,852.6679315836302
2023-06-30 22:00:00,26125,852.6679315836302
2023-06-30 23:00:00,26125,852.6679315836302
2023-07-01 00:00:00,26125,852.6679315836302
2023-06-30 01:00:00,26127,4.099003669994097
2023-06-30 02:00:00,26127,4.099003669994097
2023-06-30 03:00:00,26127,4.099003669994097
2023-06-30 04:00:00,26127,4.099003669994097
2023-06-30 05:00:00,26127,4.099003669994097
2023-06-30 06:00:00,26127,4.099003669994097
2023-06-30 07:00:00,26127,4.099003669994097
2023-06-30 08:00:00,26127,4.099003669994097
2023-06-30 09:00:00,26127,4.099003669994097
2023-06-30 10:00:00,26127,4.099003669994097
2023-06-30 11:00:00,26127,4.099003669994097
2023-06-30 12:00:00,26127,4.099003669994097
2023-06-30 13:00:00,26127,4.099003669994097
2023-06-30 14:00:00,26127,4.099003669994097
2023-06-30 15:00:00,26127,4.099003669994097
2023-06-30 16:00:00,26127,4.099003669994097
2023-06-30 17:00:00,26127,4.099003669994097
2023-06-30 18:00:00,26127,4.099003669994097
2023-06-30 19:00:00,26127,4.099003669994097
2023-06-30 20:00:00,26127,4.099003669994097
2023-06-30 21:00:00,26127,4.099003669994097
2023-06-30 22:00:00,26127,4.099003669994097
2023-06-30 23:00:00,26127,4.099003669994097
2023-07-01 00:00:00,26127,4.099003669994097
2023-06-30 01:00:00,26129,0.34031114035408216
2023-06-30 02:00:00,26129,0.34031114035408216
2023-06-30 03:00:00,26129,0.34031114035408216
2023-06-30 04:00:00,26129,0.34031114035408216
2023-06-30 05:00:00,26129,0.34031114035408216
2023-06-30 06:00:00,26129,0.34031114035408216
2023-06-30 07:00:00,26129,0.34031114035408216
2023-06-30 08:00:00,26129,0.34031114035408216
2023-06-30 09:00:00,26129,0.34031114035408216
2023-06-30 10:00:00,26129,0.34031114035408216
2023-06-30 11:00:00,26129,0.34031114035408216
2023-06-30 12:00:00,26129,0.34031114035408216
2023-06-30 13:00:00,26129,0.34031114035408216
2023-06-30 14:00:00,26129,0.34031114035408216
2023-06-30 15:00:00,26129,0.34031114035408216
2023-06-30 16:00:00,26129,0.34031114035408216
2023-06-30 17:00:00,26129,0.34031114035408216
2023-06-30 18:00:00,26129,0.34031114035408216
2023-06-30 19:00:00,26129,0.34031114035408216
2023-06-30 20:00:00,26129,0.34031114035408216
2023-06-30 21:00:00,26129,0.34031114035408216
2023-06-30 22:00:00,26129,0.34031114035408216
2023-06-30 23:00:00,26129,0.34031114035408216
2023-07-01 00:00:00,26129,0.34031114035408216
2023-06-30 01:00:00,26131,0.023454606344913042
2023-06-30 02:00:00,26131,0.023454606344913042
2023-06-30 03:00:00,26131,0.023454606344913042
2023-06-30 04:00:00,26131,0.023454606344913042
2023-06-30 05:00:00,26131,0.023454606344913042
2023-06-30 06:00:00,26131,0.023454606344913042
2023-06-30 07:00:00,26131,0.023454606344913042
2023-06-30 08:00:00,26131,0.023454606344913042
2023-06-30 09:00:00,26131,0.023454606344913042
2023-06-30 10:00:00,26131,0.023454606344913042
2023-06-30 11:00:00,26131,0.023454606344913042
2023-06-30 12:00:00,26131,0.023454606344913042
2023-06-30 13:00:00,26131,0.023454606344913042
2023-06-30 14:00:00,26131,0.023454606344913042
2023-06-30 15:00:00,26131,0.023454606344913042
2023-06-30 16:00:00,26131,0.023454606344913042
2023-06-30 17:00:00,26131,0.023454606344913042
2023-06-30 18:00:00,26131,0.023454606344913042
2023-06-30 19:00:00,26131,0.023454606344913042
2023-06-30 20:00:00,26131,0.023454606344913042
2023-06-30 21:00:00,26131,0.023454606344913042
2023-06-30 22:00:00,26131,0.023454606344913042
2023-06-30 23:00:00,26131,0.023454606344913042
2023-07-01 00:00:00,26131,0.023454606344913042
2023-06-30 01:00:00,26133,21.079242504002178
2023-06-30 02:00:00,26133,21.079242504002178
2023-06-30 03:00:00,26133,21.079242504002178
2023-06-30 04:00:00,26133,21.079242504002178
2023-06-30 05:00:00,26133,21.079242504002178
2023-06-30 06:00:00,26133,21.079242504002178
2023-06-30 07:00:00,26133,21.079242504002178
2023-06-30 08:00:00,26133,21.079242504002178
2023-06-30 09:00:00,26133,21.079242504002178
2023-06-30 10:00:00,26133,21.079242504002178
2023-06-30 11:00:00,26133,21.079242504002178
2023-06-30 12:00:00,26133,21.079242504002178
2023-06-30 13:00:00,26133,21.079242504002178
2023-06-30 14:00:00,26133,21.079242504002178
2023-06-30 15:00:00,26133,21.079242504002178
2023-06-30 16:00:00,26133,21.079242504002178
2023-06-30 17:00:00,26133,21.079242504002178
2023-06-30 18:00:00,26133,21.079242504002178
2023-06-30 19:00:00,26133,21.079242504002178
2023-06-30 20:00:00,26133,21.079242504002178
2023-06-30 21:00:00,26133,21.079242504002178
2023-06-30 22:00:00,26133,21.079242504002178
2023-06-30 23:00:00,26133,21.079242504002178
2023-07-01 00:00:00,26133,21.079242504002178
2023-06-30 01:00:00,26135,1.545918330651215
2023-06-30 02:00:00,26135,1.545918330651215
2023-06-30 03:00:00,26135,1.545918330651215
2023-06-30 04:00:00,26135,1.545918330651215
2023-06-30 05:00:00,26135,1.545918330651215
2023-06-30 06:00:00,26135,1.545918330651215
2023-06-30 07:00:00,26135,1.545918330651215
2023-06-30 08:00:00,26135,1.545918330651215
2023-06-30 09:00:00,26135,1.545918330651215
2023-06-30 10:00:00,26135,1.545918330651215
2023-06-30 11:00:00,26135,1.545918330651215
2023-06-30 12:00:00,26135,1.545918330651215
2023-06-30 13:00:00,26135,1.545918330651215
2023-06-30 14:00:00,26135,1.545918330651215
2023-06-30 15:00:00,26135,1.545918330651215
2023-06-30 16:00:00,26135,1.545918330651215
2023-06-30 17:00:00,26135,1.545918330651215
2023-06-30 18:00:00,26135,1.545918330651215
2023-06-30 19:00:00,26135,1.545918330651215
2023-06-30 20:00:00,26135,1.545918330651215
2023-06-30 21:00:00,26135,1.545918330651215
2023-06-30 22:00:00,26135,1.545918330651215
2023-06-30 23:00:00,26135,1.545918330651215
2023-07-01 00:00:00,26135,1.545918330651215
2023-06-30 01:00:00,26137,2.527426370465724
2023-06-30 02:00:00,26137,2.527426370465724
2023-06-30 03:00:00,26137,2.527426370465724
2023-06-30 04:00:00,26137,2.527426370465724
2023-06-30 05:00:00,26137,2.527426370465724
2023-06-30 06:00:00,26137,2.527426370465724
2023-06-30 07:00:00,26137,2.527426370465724
2023-06-30 08:00:00,26137,2.527426370465724
2023-06-30 09:00:00,26137,2.527426370465724
2023-06-30 10:00:00,26137,2.527426370465724
2023-06-30 11:00:00,26137,2.527426370465724
2023-06-30 12:00:00,26137,2.527426370465724
2023-06-30 13:00:00,26137,2.527426370465724
2023-06-30 14:00:00,26137,2.527426370465724
2023-06-30 15:00:00,26137,2.527426370465724
2023-06-30 16:00:00,26137,2.527426370465724
2023-06-30 17:00:00,26137,2.527426370465724
2023-06-30 18:00:00,26137,2.527426370465724
2023-06-30 19:00:00,26137,2.527426370465724
2023-06-30 20:00:00,26137,2.527426370465724
2023-06-30 21:00:00,26137,2.527426370465724
2023-06-30 22:00:00,26137,2.527426370465724
2023-06-30 23:00:00,26137,2.527426370465724
2023-07-01 00:00:00,26137,2.527426370465724
2023-06-30 01:00:00,26139,203.11693426247453
2023-06-30 02:00:00,26139,203.11693426247453
2023-06-30 03:00:00,26139,203.11693426247453
2023-06-30 04:00:00,26139,203.11693426247453
2023-06-30 05:00:00,26139,203.11693426247453
2023-06-30 06:00:00,26139,203.11693426247453
2023-06-30 07:00:00,26139,203.11693426247453
2023-06-30 08:00:00,26139,203.11693426247453
2023-06-30 09:00:00,26139,203.11693426247453
2023-06-30 10:00:00,26139,203.11693426247453
2023-06-30 11:00:00,26139,203.11693426247453
2023-06-30 12:00:00,26139,203.11693426247453
2023-06-30 13:00:00,26139,203.11693426247453
2023-06-30 14:00:00,26139,203.11693426247453
2023-06-30 15:00:00,26139,203.11693426247453
2023-06-30 16:00:00,26139,203.11693426247453
2023-06-30 17:00:00,26139,203.11693426247453
2023-06-30 18:00:00,26139,203.11693426247453
2023-06-30 19:00:00,26139,203.11693426247453
2023-06-30 20:00:00,26139,203.11693426247453
2023-06-30 21:00:00,26139,203.11693426247453
2023-06-30 22:00:00,26139,203.11693426247453
2023-06-30 23:00:00,26139,203.11693426247453
2023-07-01 00:00:00,26139,203.11693426247453
2023-06-30 01:00:00,26141,3.3395252079071382
2023-06-30 02:00:00,26141,3.3395252079071382
2023-06-30 03:00:00,26141,3.3395252079071382
2023-06-30 04:00:00,26141,3.3395252079071382
2023-06-30 05:00:00,26141,3.3395252079071382
2023-06-30 06:00:00,26141,3.3395252079071382
2023-06-30 07:00:00,26141,3.3395252079071382
2023-06-30 08:00:00,26141,3.3395252079071382
2023-06-30 09:00:00,26141,3.3395252079071382
2023-06-30 10:00:00,26141,3.3395252079071382
2023-06-30 11:00:00,26141,3.3395252079071382
2023-06-30 12:00:00,26141,3.3395252079071382
2023-06-30 13:00:00,26141,3.3395252079071382
2023-06-30 14:00:00,26141,3.3395252079071382
2023-06-30 15:00:00,26141,3.3395252079071382
2023-06-30 16:00:00,26141,3.3395252079071382
2023-06-30 17:00:00,26141,3.3395252079071382
2023-06-30 18:00:00,26141,3.3395252079071382
2023-06-30 19:00:00,26141,3.3395252079071382
2023-06-30 20:00:00,26141,3.3395252079071382
2023-06-30 21:00:00,26141,3.3395252079071382
2023-06-30 22:00:00,26141,3.3395252079071382
2023-06-30 23:00:00,26141,3.3395252079071382
2023-07-01 00:00:00,26141,3.3395252079071382
2023-06-30 01:00:00,26143,6.104171903363735
2023-06-30 02:00:00,26143,6.104171903363735
2023-06-30 03:00:00,26143,6.104171903363735
2023-06-30 04:00:00,26143,6.104171903363735
2023-06-30 05:00:00,26143,6.104171903363735
2023-06-30 06:00:00,26143,6.104171903363735
2023-06-30 07:00:00,26143,6.104171903363735
2023-06-30 08:00:00,26143,6.104171903363735
2023-06-30 09:00:00,26143,6.104171903363735
2023-06-30 10:00:00,26143,6.104171903363735
2023-06-30 11:00:00,26143,6.104171903363735
2023-06-30 12:00:00,26143,6.104171903363735
2023-06-30 13:00:00,26143,6.104171903363735
2023-06-30 14:00:00,26143,6.104171903363735
2023-06-30 15:00:00,26143,6.104171903363735
2023-06-30 16:00:00,26143,6.104171903363735
2023-06-30 17:00:00,26143,6.104171903363735
2023-06-30 18:00:00,26143,6.104171903363735
2023-06-30 19:00:00,26143,6.104171903363735
2023-06-30 20:00:00,26143,6.104171903363735
2023-06-30 21:00:00,26143,6.104171903363735
2023-06-30 22:00:00,26143,6.104171903363735
2023-06-30 23:00:00,26143,6.104171903363735
2023-07-01 00:00:00,26143,6.104171903363735
2023-06-30 01:00:00,26145,2.43483941704445
2023-06-30 02:00:00,26145,2.43483941704445
2023-06-30 03:00:00,26145,2.43483941704445
2023-06-30 04:00:00,26145,2.43483941704445
2023-06-30 05:00:00,26145,2.43483941704445
2023-06-30 06:00:00,26145,2.43483941704445
2023-06-30 07:00:00,26145,2.43483941704445
2023-06-30 08:00:00,26145,2.43483941704445
2023-06-30 09:00:00,26145,2.43483941704445
2023-06-30 10:00:00,26145,2.43483941704445
2023-06-30 11:00:00,26145,2.43483941704445
2023-06-30 12:00:00,26145,2.43483941704445
2023-06-30 13:00:00,26145,2.43483941704445
2023-06-30 14:00:00,26145,2.43483941704445
2023-06-30 15:00:00,26145,2.43483941704445
2023-06-30 16:00:00,26145,2.43483941704445
2023-06-30 17:00:00,26145,2.43483941704445
2023-06-30 18:00:00,26145,2.43483941704445
2023-06-30 19:00:00,26145,2.43483941704445
2023-06-30 20:00:00,26145,2.43483941704445
2023-06-30 21:00:00,26145,2.43483941704445
2023-06-30 22:00:00,26145,2.43483941704445
2023-06-30 23:00:00,26145,2.43483941704445
2023-07-01 00:00:00,26145,2.43483941704445
2023-06-30 01:00:00,26147,43.50992723056755
2023-06-30 02:00:00,26147,43.50992723056755
2023-06-30 03:00:00,26147,43.50992723056755
2023-06-30 04:00:00,26147,43.50992723056755
2023-06-30 05:00:00,26147,43.50992723056755
2023-06-30 06:00:00,26147,43.50992723056755
2023-06-30 07:00:00,26147,43.50992723056755
2023-06-30 08:00:00,26147,43.50992723056755
2023-06-30 09:00:00,26147,43.50992723056755
2023-06-30 10:00:00,26147,43.50992723056755
2023-06-30 11:00:00,26147,43.50992723056755
2023-06-30 12:00:00,26147,43.50992723056755
2023-06-30 13:00:00,26147,43.50992723056755
2023-06-30 14:00:00,26147,43.50992723056755
2023-06-30 15:00:00,26147,43.50992723056755
2023-06-30 16:00:00,26147,43.50992723056755
2023-06-30 17:00:00,26147,43.50992723056755
2023-06-30 18:00:00,26147,43.50992723056755
2023-06-30 19:00:00,26147,43.50992723056755
2023-06-30 20:00:00,26147,43.50992723056755
2023-06-30 21:00:00,26147,43.50992723056755
2023-06-30 22:00:00,26147,43.50992723056755
2023-06-30 23:00:00,26147,43.50992723056755
2023-07-01 00:00:00,26147,43.50992723056755
2023-06-30 01:00:00,26149,9.521474944440705
2023-06-30 02:00:00,26149,9.521474944440705
2023-06-30 03:00:00,26149,9.521474944440705
2023-06-30 04:00:00,26149,9.521474944440705
2023-06-30 05:00:00,26149,9.521474944440705
2023-06-30 06:00:00,26149,9.521474944440705
2023-06-30 07:00:00,26149,9.521474944440705
2023-06-30 08:00:00,26149,9.521474944440705
2023-06-30 09:00:00,26149,9.521474944440705
2023-06-30 10:00:00,26149,9.521474944440705
2023-06-30 11:00:00,26149,9.521474944440705
2023-06-30 12:00:00,26149,9.521474944440705
2023-06-30 13:00:00,26149,9.521474944440705
2023-06-30 14:00:00,26149,9.521474944440705
2023-06-30 15:00:00,26149,9.521474944440705
2023-06-30 16:00:00,26149,9.521474944440705
2023-06-30 17:00:00,26149,9.521474944440705
2023-06-30 18:00:00,26149,9.521474944440705
2023-06-30 19:00:00,26149,9.521474944440705
2023-06-30 20:00:00,26149,9.521474944440705
2023-06-30 21:00:00,26149,9.521474944440705
2023-06-30 22:00:00,26149,9.521474944440705
2023-06-30 23:00:00,26149,9.521474944440705
2023-07-01 00:00:00,26149,9.521474944440705
2023-06-30 01:00:00,26151,9.979607899226162
2023-06-30 02:00:00,26151,9.979607899226162
2023-06-30 03:00:00,26151,9.979607899226162
2023-06-30 04:00:00,26151,9.979607899226162
2023-06-30 05:00:00,26151,9.979607899226162
2023-06-30 06:00:00,26151,9.979607899226162
2023-06-30 07:00:00,26151,9.979607899226162
2023-06-30 08:00:00,26151,9.979607899226162
2023-06-30 09:00:00,26151,9.979607899226162
2023-06-30 10:00:00,26151,9.979607899226162
2023-06-30 11:00:00,26151,9.979607899226162
2023-06-30 12:00:00,26151,9.979607899226162
2023-06-30 13:00:00,26151,9.979607899226162
2023-06-30 14:00:00,26151,9.979607899226162
2023-06-30 15:00:00,26151,9.979607899226162
2023-06-30 16:00:00,26151,9.979607899226162
2023-06-30 17:00:00,26151,9.979607899226162
2023-06-30 18:00:00,26151,9.979607899226162
2023-06-30 19:00:00,26151,9.979607899226162
2023-06-30 20:00:00,26151,9.979607899226162
2023-06-30 21:00:00,26151,9.979607899226162
2023-06-30 22:00:00,26151,9.979607899226162
2023-06-30 23:00:00,26151,9.979607899226162
2023-07-01 00:00:00,26151,9.979607899226162
2023-06-30 01:00:00,26153,9.862190357473672e-05
2023-06-30 02:00:00,26153,9.862190357473672e-05
2023-06-30 03:00:00,26153,9.862190357473672e-05
2023-06-30 04:00:00,26153,9.862190357473672e-05
2023-06-30 05:00:00,26153,9.862190357473672e-05
2023-06-30 06:00:00,26153,9.862190357473672e-05
2023-06-30 07:00:00,26153,9.862190357473672e-05
2023-06-30 08:00:00,26153,9.862190357473672e-05
2023-06-30 09:00:00,26153,9.862190357473672e-05
2023-06-30 10:00:00,26153,9.862190357473672e-05
2023-06-30 11:00:00,26153,9.862190357473672e-05
2023-06-30 12:00:00,26153,9.862190357473672e-05
2023-06-30 13:00:00,26153,9.862190357473672e-05
2023-06-30 14:00:00,26153,9.862190357473672e-05
2023-06-30 15:00:00,26153,9.862190357473672e-05
2023-06-30 16:00:00,26153,9.862190357473672e-05
2023-06-30 17:00:00,26153,9.862190357473672e-05
2023-06-30 18:00:00,26153,9.862190357473672e-05
2023-06-30 19:00:00,26153,9.862190357473672e-05
2023-06-30 20:00:00,26153,9.862190357473672e-05
2023-06-30 21:00:00,26153,9.862190357473672e-05
2023-06-30 22:00:00,26153,9.862190357473672e-05
2023-06-30 23:00:00,26153,9.862190357473672e-05
2023-07-01 00:00:00,26153,9.862190357473672e-05
2023-06-30 01:00:00,26155,10.850588207211965
2023-06-30 02:00:00,26155,10.850588207211965
2023-06-30 03:00:00,26155,10.850588207211965
2023-06-30 04:00:00,26155,10.850588207211965
2023-06-30 05:00:00,26155,10.850588207211965
2023-06-30 06:00:00,26155,10.850588207211965
2023-06-30 07:00:00,26155,10.850588207211965
2023-06-30 08:00:00,26155,10.850588207211965
2023-06-30 09:00:00,26155,10.850588207211965
2023-06-30 10:00:00,26155,10.850588207211965
2023-06-30 11:00:00,26155,10.850588207211965
2023-06-30 12:00:00,26155,10.850588207211965
2023-06-30 13:00:00,26155,10.850588207211965
2023-06-30 14:00:00,26155,10.850588207211965
2023-06-30 15:00:00,26155,10.850588207211965
2023-06-30 16:00:00,26155,10.850588207211965
2023-06-30 17:00:00,26155,10.850588207211965
2023-06-30 18:00:00,26155,10.850588207211965
2023-06-30 19:00:00,26155,10.850588207211965
2023-06-30 20:00:00,26155,10.850588207211965
2023-06-30 21:00:00,26155,10.850588207211965
2023-06-30 22:00:00,26155,10.850588207211965
2023-06-30 23:00:00,26155,10.850588207211965
2023-07-01 00:00:00,26155,10.850588207211965
2023-06-30 01:00:00,26157,11.863882640757236
2023-06-30 02:00:00,26157,11.863882640757236
2023-06-30 03:00:00,26157,11.863882640757236
2023-06-30 04:00:00,26157,11.863882640757236
2023-06-30 05:00:00,26157,11.863882640757236
2023-06-30 06:00:00,26157,11.863882640757236
2023-06-30 07:00:00,26157,11.863882640757236
2023-06-30 08:00:00,26157,11.863882640757236
2023-06-30 09:00:00,26157,11.863882640757236
2023-06-30 10:00:00,26157,11.863882640757236
2023-06-30 11:00:00,26157,11.863882640757236
2023-06-30 12:00:00,26157,11.863882640757236
2023-06-30 13:00:00,26157,11.863882640757236
2023-06-30 14:00:00,26157,11.863882640757236
2023-06-30 15:00:00,26157,11.863882640757236
2023-06-30 16:00:00,26157,11.863882640757236
2023-06-30 17:00:00,26157,11.863882640757236
2023-06-30 18:00:00,26157,11.863882640757236
2023-06-30 19:00:00,26157,11.863882640757236
2023-06-30 20:00:00,26157,11.863882640757236
2023-06-30 21:00:00,26157,11.863882640757236
2023-06-30 22:00:00,26157,11.863882640757236
2023-06-30 23:00:00,26157,11.863882640757236
2023-07-01 00:00:00,26157,11.863882640757236
2023-06-30 01:00:00,26159,29.125763669523444
2023-06-30 02:00:00,26159,29.125763669523444
2023-06-30 03:00:00,26159,29.125763669523444
2023-06-30 04:00:00,26159,29.125763669523444
2023-06-30 05:00:00,26159,29.125763669523444
2023-06-30 06:00:00,26159,29.125763669523444
2023-06-30 07:00:00,26159,29.125763669523444
2023-06-30 08:00:00,26159,29.125763669523444
2023-06-30 09:00:00,26159,29.125763669523444
2023-06-30 10:00:00,26159,29.125763669523444
2023-06-30 11:00:00,26159,29.125763669523444
2023-06-30 12:00:00,26159,29.125763669523444
2023-06-30 13:00:00,26159,29.125763669523444
2023-06-30 14:00:00,26159,29.125763669523444
2023-06-30 15:00:00,26159,29.125763669523444
2023-06-30 16:00:00,26159,29.125763669523444
2023-06-30 17:00:00,26159,29.125763669523444
2023-06-30 18:00:00,26159,29.125763669523444
2023-06-30 19:00:00,26159,29.125763669523444
2023-06-30 20:00:00,26159,29.125763669523444
2023-06-30 21:00:00,26159,29.125763669523444
2023-06-30 22:00:00,26159,29.125763669523444
2023-06-30 23:00:00,26159,29.125763669523444
2023-07-01 00:00:00,26159,29.125763669523444
2023-06-30 01:00:00,26161,367.9102394783033
2023-06-30 02:00:00,26161,367.9102394783033
2023-06-30 03:00:00,26161,367.9102394783033
2023-06-30 04:00:00,26161,367.9102394783033
2023-06-30 05:00:00,26161,367.9102394783033
2023-06-30 06:00:00,26161,367.9102394783033
2023-06-30 07:00:00,26161,367.9102394783033
2023-06-30 08:00:00,26161,367.9102394783033
2023-06-30 09:00:00,26161,367.9102394783033
2023-06-30 10:00:00,26161,367.9102394783033
2023-06-30 11:00:00,26161,367.9102394783033
2023-06-30 12:00:00,26161,367.9102394783033
2023-06-30 13:00:00,26161,367.9102394783033
2023-06-30 14:00:00,26161,367.9102394783033
2023-06-30 15:00:00,26161,367.9102394783033
2023-06-30 16:00:00,26161,367.9102394783033
2023-06-30 17:00:00,26161,367.9102394783033
2023-06-30 18:00:00,26161,367.9102394783033
2023-06-30 19:00:00,26161,367.9102394783033
2023-06-30 20:00:00,26161,367.9102394783033
2023-06-30 21:00:00,26161,367.9102394783033
2023-06-30 22:00:00,26161,367.9102394783033
2023-06-30 23:00:00,26161,367.9102394783033
2023-07-01 00:00:00,26161,367.9102394783033
2023-06-30 01:00:00,26163,1614.886111982452
2023-06-30 02:00:00,26163,1614.886111982452
2023-06-30 03:00:00,26163,1614.886111982452
2023-06-30 04:00:00,26163,1614.886111982452
2023-06-30 05:00:00,26163,1614.886111982452
2023-06-30 06:00:00,26163,1614.886111982452
2023-06-30 07:00:00,26163,1614.886111982452
2023-06-30 08:00:00,26163,1614.886111982452
2023-06-30 09:00:00,26163,1614.886111982452
2023-06-30 10:00:00,26163,1614.886111982452
2023-06-30 11:00:00,26163,1614.886111982452
2023-06-30 12:00:00,26163,1614.886111982452
2023-06-30 13:00:00,26163,1614.886111982452
2023-06-30 14:00:00,26163,1614.886111982452
2023-06-30 15:00:00,26163,1614.886111982452
2023-06-30 16:00:00,26163,1614.886111982452
2023-06-30 17:00:00,26163,1614.886111982452
2023-06-30 18:00:00,26163,1614.886111982452
2023-06-30 19:00:00,26163,1614.886111982452
2023-06-30 20:00:00,26163,1614.886111982452
2023-06-30 21:00:00,26163,1614.886111982452
2023-06-30 22:00:00,26163,1614.886111982452
2023-06-30 23:00:00,26163,1614.886111982452
2023-07-01 00:00:00,26163,1614.886111982452
2023-06-30 01:00:00,26165,1.1847047454414816
2023-06-30 02:00:00,26165,1.1847047454414816
2023-06-30 03:00:00,26165,1.1847047454414816
2023-06-30 04:00:00,26165,1.1847047454414816
2023-06-30 05:00:00,26165,1.1847047454414816
2023-06-30 06:00:00,26165,1.1847047454414816
2023-06-30 07:00:00,26165,1.1847047454414816
2023-06-30 08:00:00,26165,1.1847047454414816
2023-06-30 09:00:00,26165,1.1847047454414816
2023-06-30 10:00:00,26165,1.1847047454414816
2023-06-30 11:00:00,26165,1.1847047454414816
2023-06-30 12:00:00,26165,1.1847047454414816
2023-06-30 13:00:00,26165,1.1847047454414816
2023-06-30 14:00:00,26165,1.1847047454414816
2023-06-30 15:00:00,26165,1.1847047454414816
2023-06-30 16:00:00,26165,1.1847047454414816
2023-06-30 17:00:00,26165,1.1847047454414816
2023-06-30 18:00:00,26165,1.1847047454414816
2023-06-30 19:00:00,26165,1.1847047454414816
2023-06-30 20:00:00,26165,1.1847047454414816
2023-06-30 21:00:00,26165,1.1847047454414816
2023-06-30 22:00:00,26165,1.1847047454414816
2023-06-30 23:00:00,26165,1.1847047454414816
2023-07-01 00:00:00,26165,1.1847047454414816
